report_id,date,site,activity,report_text,sif_potential,life_saving_rule,barrier_failure
SYN-0001,2025-10-29,Geleki,Energy Isolation — compressor servicing,"During valve replacement during a routine maintenance task, lockout/tagout not verified. Residual pressure remained in the line. The condition created a credible potential for a fatal or permanently disabling event. The technician stopped work and isolated the equipment.",Yes,Verify isolation and zero energy,missing zero-energy test
SYN-0002,2024-03-27,Geleki,Hot Work — grinding near the workshop,"During welding on a process pipe while preparing the job, gas test not repeated. Nearby oily rags began to smoulder. The condition created a credible potential for a fatal or permanently disabling event. The area was made safe and retested.",Yes,Control ignition sources and combustible materials,combustibles not cleared from the work area
SYN-0003,2025-03-13,Naharkatiya,Confined Space — cleaning a storage tank,"During inspection inside a vessel during the morning shift, continuous gas monitoring was unavailable. Oxygen readings fell below the safe limit. The condition created a credible potential for a fatal or permanently disabling event. The standby rescue team secured the area.",Yes,Obtain authorization before entering a confined space,rescue plan was not briefed
SYN-0004,2024-12-12,Naharkatiya,Line of Fire — moving materials beside a pipe rack,"During handling a pressurized hose while preparing the job, exclusion zone was not maintained. The hose whipped when the coupling released. The deviation was identified early, before anyone was exposed to serious harm. The crew stepped back and reassessed the task.",No,Position yourself outside the line of fire,stored energy was not assessed
SYN-0005,2024-06-17,Geleki,Working at Height — repairing an elevated platform,"During installing cable tray at height while preparing the job, toe board was not installed. The platform moved while being accessed. The deviation was identified early, before anyone was exposed to serious harm. The dropped-object zone was cleared.",No,Protect yourself against falls from height,scaffold inspection tag was missing
SYN-0006,2024-04-30,Digboi,Lifting Operations — loading a valve assembly,"During lifting a pump motor after a change in the work sequence, personnel entered the suspended-load zone. The load passed over an occupied walkway. The deviation was identified early, before anyone was exposed to serious harm. The load was lowered to a safe position.",No,Plan and control lifting operations,personnel entered the suspended-load zone
SYN-0007,2025-04-28,Digboi,Driving / Vehicle Safety — transporting equipment on an access road,"During transporting equipment on an access road during a routine maintenance task, journey plan was not reviewed. A load shifted during transit. The deviation was identified early, before anyone was exposed to serious harm. The journey was restarted only after the load was secured.",No,Drive defensively and use seat belts,reversing alarm was not working
SYN-0008,2025-06-23,Geleki,Hot Work — welding on a process pipe,"During cutting a steel support while preparing the job, hot-work permit not displayed. Flammable vapour was detected during the task. The condition created a credible potential for a fatal or permanently disabling event. The fire watch raised the alarm and work was stopped.",Yes,Control ignition sources and combustible materials,gas test not repeated
SYN-0009,2024-09-15,Digboi,Line of Fire — loosening a seized flange,"During handling a pressurized hose during a routine maintenance task, exclusion zone was not maintained. A suspended load swung across the access route. The condition created a credible potential for a fatal or permanently disabling event. The area was barricaded before continuing.",Yes,Position yourself outside the line of fire,stored energy was not assessed
SYN-0010,2025-01-03,Geleki,Line of Fire — handling a pressurized hose,"During handling a pressurized hose while preparing the job, spotter communication was unclear. A suspended load swung across the access route. The condition created a credible potential for a fatal or permanently disabling event. The area was barricaded before continuing.",Yes,Position yourself outside the line of fire,stored energy was not assessed
SYN-0011,2024-07-30,Digboi,Confined Space — inspection inside a vessel,"During cleaning a storage tank during the morning shift, entry permit was incomplete. Oxygen readings fell below the safe limit. The deviation was identified early, before anyone was exposed to serious harm. The standby rescue team secured the area.",No,Obtain authorization before entering a confined space,continuous gas monitoring was unavailable
SYN-0012,2025-05-19,Geleki,Hot Work — welding on a process pipe,"During welding on a process pipe while preparing the job, hot-work permit not displayed. Nearby oily rags began to smoulder. The condition created a credible potential for a fatal or permanently disabling event. The area was made safe and retested.",Yes,Control ignition sources and combustible materials,combustibles not cleared from the work area
SYN-0013,2024-12-25,Bongaigaon,Confined Space — cleaning a storage tank,"During cleaning a storage tank after a change in the work sequence, entry permit was incomplete. The attendant lost radio contact with the entrant. The condition created a credible potential for a fatal or permanently disabling event. The entrant exited immediately and medical support was alerted.",Yes,Obtain authorization before entering a confined space,rescue plan was not briefed
SYN-0014,2024-07-07,Geleki,Hot Work — cutting a steel support,"During welding on a process pipe while preparing the job, hot-work permit not displayed. Sparks travelled toward an open drain. The deviation was identified early, before anyone was exposed to serious harm. A suitable fire extinguisher was positioned before restart.",No,Control ignition sources and combustible materials,combustibles not cleared from the work area
SYN-0015,2025-01-02,Digboi,Energy Isolation — valve replacement,"During pump maintenance during a routine maintenance task, missing zero-energy test. The pump unexpectedly started. The deviation was identified early, before anyone was exposed to serious harm. The line was depressurized before work resumed.",No,Verify isolation and zero energy,incorrect isolation point
SYN-0016,2025-08-08,Digboi,Hot Work — welding on a process pipe,"During cutting a steel support during the morning shift, gas test not repeated. Sparks travelled toward an open drain. The condition created a credible potential for a fatal or permanently disabling event. The area was made safe and retested.",Yes,Control ignition sources and combustible materials,hot-work permit not displayed
SYN-0017,2025-06-06,Geleki,Driving / Vehicle Safety — reversing a service vehicle,"During reversing a service vehicle during a routine maintenance task, journey plan was not reviewed. The vehicle nearly struck a pedestrian at the gate. The condition created a credible potential for a fatal or permanently disabling event. The vehicle was removed from service for inspection.",Yes,Drive defensively and use seat belts,seat belt was not used
SYN-0018,2025-11-27,Bongaigaon,Working at Height — accessing a tank roof,"During repairing an elevated platform during the morning shift, harness was not attached to an anchor. A tool fell to the level below. The deviation was identified early, before anyone was exposed to serious harm. The dropped-object zone was cleared.",No,Protect yourself against falls from height,toe board was not installed
SYN-0019,2024-09-13,Digboi,Working at Height — installing cable tray at height,"During accessing a tank roof during a routine maintenance task, toe board was not installed. The platform moved while being accessed. The deviation was identified early, before anyone was exposed to serious harm. The dropped-object zone was cleared.",No,Protect yourself against falls from height,toe board was not installed
SYN-0020,2025-02-10,Duliajan,Working at Height — accessing a tank roof,"During installing cable tray at height during the morning shift, scaffold inspection tag was missing. The platform moved while being accessed. The deviation was identified early, before anyone was exposed to serious harm. Work stopped until a certified access system was provided.",No,Protect yourself against falls from height,toe board was not installed
SYN-0021,2025-12-08,Geleki,Working at Height — accessing a tank roof,"During repairing an elevated platform while preparing the job, scaffold inspection tag was missing. A tool fell to the level below. The condition created a credible potential for a fatal or permanently disabling event. The supervisor arranged a scaffold inspection.",Yes,Protect yourself against falls from height,toe board was not installed
SYN-0022,2024-10-04,Geleki,Line of Fire — moving materials beside a pipe rack,"During moving materials beside a pipe rack while preparing the job, spotter communication was unclear. A suspended load swung across the access route. The deviation was identified early, before anyone was exposed to serious harm. The area was barricaded before continuing.",No,Position yourself outside the line of fire,stored energy was not assessed
SYN-0023,2025-07-29,Digboi,Lifting Operations — relocating a chemical drum,"During loading a valve assembly while preparing the job, lifting plan was not followed. A sling strand began to separate. The condition created a credible potential for a fatal or permanently disabling event. The route was cleared and barricaded.",Yes,Plan and control lifting operations,lifting plan was not followed
SYN-0024,2024-07-01,Duliajan,Energy Isolation — pump maintenance,"During valve replacement after a change in the work sequence, incorrect isolation point. The pump unexpectedly started. The deviation was identified early, before anyone was exposed to serious harm. The line was depressurized before work resumed.",No,Verify isolation and zero energy,missing zero-energy test
SYN-0025,2024-04-16,Digboi,Confined Space — cleaning a storage tank,"During entry into a sump while preparing the job, entry permit was incomplete. Oxygen readings fell below the safe limit. The condition created a credible potential for a fatal or permanently disabling event. Ventilation was increased and the permit was reviewed.",Yes,Obtain authorization before entering a confined space,rescue plan was not briefed
SYN-0026,2025-07-20,Bongaigaon,Lifting Operations — relocating a chemical drum,"During lifting a pump motor during a routine maintenance task, lifting plan was not followed. A sling strand began to separate. The deviation was identified early, before anyone was exposed to serious harm. The route was cleared and barricaded.",No,Plan and control lifting operations,lifting plan was not followed
SYN-0027,2025-06-24,Digboi,Driving / Vehicle Safety — transporting equipment on an access road,"During reversing a service vehicle during a routine maintenance task, journey plan was not reviewed. The driver lost control on a wet bend. The deviation was identified early, before anyone was exposed to serious harm. The vehicle was removed from service for inspection.",No,Drive defensively and use seat belts,seat belt was not used
SYN-0028,2025-03-01,Geleki,Line of Fire — loosening a seized flange,"During handling a pressurized hose during the morning shift, spotter communication was unclear. A suspended load swung across the access route. The deviation was identified early, before anyone was exposed to serious harm. The lifting activity was paused for a new briefing.",No,Position yourself outside the line of fire,exclusion zone was not maintained
SYN-0029,2024-09-05,Digboi,Driving / Vehicle Safety — transporting equipment on an access road,"During reversing a service vehicle after a change in the work sequence, reversing alarm was not working. The vehicle nearly struck a pedestrian at the gate. The deviation was identified early, before anyone was exposed to serious harm. The journey was restarted only after the load was secured.",No,Drive defensively and use seat belts,journey plan was not reviewed
SYN-0030,2025-05-20,Bongaigaon,Confined Space — cleaning a storage tank,"During inspection inside a vessel during the morning shift, continuous gas monitoring was unavailable. The attendant lost radio contact with the entrant. The condition created a credible potential for a fatal or permanently disabling event. The entrant exited immediately and medical support was alerted.",Yes,Obtain authorization before entering a confined space,continuous gas monitoring was unavailable
SYN-0031,2024-11-17,Bongaigaon,Energy Isolation — pump maintenance,"During valve replacement during a routine maintenance task, incorrect isolation point. The pump unexpectedly started. The condition created a credible potential for a fatal or permanently disabling event. The technician stopped work and isolated the equipment.",Yes,Verify isolation and zero energy,missing zero-energy test
SYN-0032,2024-07-26,Bongaigaon,Confined Space — entry into a sump,"During cleaning a storage tank during a routine maintenance task, entry permit was incomplete. A worker reported dizziness inside the vessel. The condition created a credible potential for a fatal or permanently disabling event. The entrant exited immediately and medical support was alerted.",Yes,Obtain authorization before entering a confined space,entry permit was incomplete
SYN-0033,2025-01-10,Naharkatiya,Hot Work — grinding near the workshop,"During cutting a steel support during a routine maintenance task, combustibles not cleared from the work area. Nearby oily rags began to smoulder. The condition created a credible potential for a fatal or permanently disabling event. The fire watch raised the alarm and work was stopped.",Yes,Control ignition sources and combustible materials,gas test not repeated
SYN-0034,2025-04-14,Bongaigaon,Lifting Operations — lifting a pump motor,"During loading a valve assembly during the morning shift, personnel entered the suspended-load zone. A sling strand began to separate. The deviation was identified early, before anyone was exposed to serious harm. The route was cleared and barricaded.",No,Plan and control lifting operations,lifting plan was not followed
SYN-0035,2024-07-18,Bongaigaon,Confined Space — inspection inside a vessel,"During cleaning a storage tank while preparing the job, continuous gas monitoring was unavailable. Oxygen readings fell below the safe limit. The condition created a credible potential for a fatal or permanently disabling event. The entrant exited immediately and medical support was alerted.",Yes,Obtain authorization before entering a confined space,rescue plan was not briefed
SYN-0036,2025-10-08,Geleki,Lifting Operations — lifting a pump motor,"During lifting a pump motor after a change in the work sequence, personnel entered the suspended-load zone. The load passed over an occupied walkway. The deviation was identified early, before anyone was exposed to serious harm. The load was lowered to a safe position.",No,Plan and control lifting operations,personnel entered the suspended-load zone
SYN-0037,2024-01-19,Naharkatiya,Driving / Vehicle Safety — reversing a service vehicle,"During transporting equipment on an access road after a change in the work sequence, reversing alarm was not working. The driver lost control on a wet bend. The deviation was identified early, before anyone was exposed to serious harm. The driver stopped and reported the near miss.",No,Drive defensively and use seat belts,journey plan was not reviewed
SYN-0038,2025-04-09,Digboi,Line of Fire — loosening a seized flange,"During loosening a seized flange during the morning shift, spotter communication was unclear. The flange shifted suddenly toward the worker. The deviation was identified early, before anyone was exposed to serious harm. The crew stepped back and reassessed the task.",No,Position yourself outside the line of fire,stored energy was not assessed
SYN-0039,2025-01-29,Geleki,Driving / Vehicle Safety — driving between installations,"During driving between installations during a routine maintenance task, seat belt was not used. A load shifted during transit. The deviation was identified early, before anyone was exposed to serious harm. The driver stopped and reported the near miss.",No,Drive defensively and use seat belts,seat belt was not used
SYN-0040,2025-06-17,Geleki,Energy Isolation — compressor servicing,"During valve replacement during a routine maintenance task, missing zero-energy test. Residual pressure remained in the line. The condition created a credible potential for a fatal or permanently disabling event. The technician stopped work and isolated the equipment.",Yes,Verify isolation and zero energy,incorrect isolation point
SYN-0041,2025-09-16,Bongaigaon,Working at Height — repairing an elevated platform,"During repairing an elevated platform during a routine maintenance task, harness was not attached to an anchor. A tool fell to the level below. The deviation was identified early, before anyone was exposed to serious harm. The dropped-object zone was cleared.",No,Protect yourself against falls from height,toe board was not installed
SYN-0042,2025-09-30,Bongaigaon,Driving / Vehicle Safety — driving between installations,"During reversing a service vehicle after a change in the work sequence, seat belt was not used. A load shifted during transit. The deviation was identified early, before anyone was exposed to serious harm. The driver stopped and reported the near miss.",No,Drive defensively and use seat belts,journey plan was not reviewed
SYN-0043,2024-04-06,Digboi,Confined Space — entry into a sump,"During entry into a sump while preparing the job, rescue plan was not briefed. Oxygen readings fell below the safe limit. The condition created a credible potential for a fatal or permanently disabling event. Ventilation was increased and the permit was reviewed.",Yes,Obtain authorization before entering a confined space,rescue plan was not briefed
SYN-0044,2025-04-10,Duliajan,Working at Height — accessing a tank roof,"During repairing an elevated platform after a change in the work sequence, scaffold inspection tag was missing. The platform moved while being accessed. The deviation was identified early, before anyone was exposed to serious harm. The dropped-object zone was cleared.",No,Protect yourself against falls from height,harness was not attached to an anchor
SYN-0045,2025-06-13,Geleki,Driving / Vehicle Safety — transporting equipment on an access road,"During driving between installations during the morning shift, journey plan was not reviewed. The driver lost control on a wet bend. The deviation was identified early, before anyone was exposed to serious harm. The vehicle was removed from service for inspection.",No,Drive defensively and use seat belts,seat belt was not used
SYN-0046,2024-05-24,Digboi,Line of Fire — handling a pressurized hose,"During loosening a seized flange after a change in the work sequence, stored energy was not assessed. The hose whipped when the coupling released. The deviation was identified early, before anyone was exposed to serious harm. The area was barricaded before continuing.",No,Position yourself outside the line of fire,exclusion zone was not maintained
SYN-0047,2025-02-12,Duliajan,Hot Work — cutting a steel support,"During welding on a process pipe during the morning shift, gas test not repeated. Sparks travelled toward an open drain. The condition created a credible potential for a fatal or permanently disabling event. The area was made safe and retested.",Yes,Control ignition sources and combustible materials,gas test not repeated
SYN-0048,2025-09-05,Digboi,Energy Isolation — valve replacement,"During pump maintenance during a routine maintenance task, lockout/tagout not verified. A valve was still connected to the live header. The condition created a credible potential for a fatal or permanently disabling event. The supervisor initiated a toolbox talk.",Yes,Verify isolation and zero energy,missing zero-energy test
SYN-0049,2025-03-14,Bongaigaon,Hot Work — welding on a process pipe,"During welding on a process pipe while preparing the job, hot-work permit not displayed. Flammable vapour was detected during the task. The condition created a credible potential for a fatal or permanently disabling event. The fire watch raised the alarm and work was stopped.",Yes,Control ignition sources and combustible materials,gas test not repeated
SYN-0050,2025-06-23,Geleki,Energy Isolation — pump maintenance,"During pump maintenance after a change in the work sequence, missing zero-energy test. Residual pressure remained in the line. The condition created a credible potential for a fatal or permanently disabling event. The line was depressurized before work resumed.",Yes,Verify isolation and zero energy,lockout/tagout not verified
SYN-0051,2024-02-08,Geleki,Driving / Vehicle Safety — reversing a service vehicle,"During transporting equipment on an access road during the morning shift, reversing alarm was not working. A load shifted during transit. The deviation was identified early, before anyone was exposed to serious harm. The journey was restarted only after the load was secured.",No,Drive defensively and use seat belts,seat belt was not used
SYN-0052,2024-03-12,Naharkatiya,Working at Height — installing cable tray at height,"During repairing an elevated platform while preparing the job, scaffold inspection tag was missing. The platform moved while being accessed. The condition created a credible potential for a fatal or permanently disabling event. The dropped-object zone was cleared.",Yes,Protect yourself against falls from height,scaffold inspection tag was missing
SYN-0053,2025-02-10,Bongaigaon,Energy Isolation — valve replacement,"During valve replacement during the morning shift, lockout/tagout not verified. Residual pressure remained in the line. The condition created a credible potential for a fatal or permanently disabling event. The supervisor initiated a toolbox talk.",Yes,Verify isolation and zero energy,incorrect isolation point
SYN-0054,2025-02-22,Bongaigaon,Lifting Operations — loading a valve assembly,"During loading a valve assembly during a routine maintenance task, lifting plan was not followed. A sling strand began to separate. The deviation was identified early, before anyone was exposed to serious harm. The banksman stopped the lift immediately.",No,Plan and control lifting operations,lifting plan was not followed
SYN-0055,2024-03-13,Bongaigaon,Energy Isolation — pump maintenance,"During valve replacement after a change in the work sequence, missing zero-energy test. Residual pressure remained in the line. The deviation was identified early, before anyone was exposed to serious harm. The line was depressurized before work resumed.",No,Verify isolation and zero energy,lockout/tagout not verified
SYN-0056,2024-04-14,Geleki,Working at Height — accessing a tank roof,"During accessing a tank roof while preparing the job, scaffold inspection tag was missing. The worker slipped near an unprotected edge. The condition created a credible potential for a fatal or permanently disabling event. The supervisor arranged a scaffold inspection.",Yes,Protect yourself against falls from height,harness was not attached to an anchor
SYN-0057,2024-08-14,Naharkatiya,Energy Isolation — pump maintenance,"During valve replacement after a change in the work sequence, lockout/tagout not verified. A valve was still connected to the live header. The condition created a credible potential for a fatal or permanently disabling event. The technician stopped work and isolated the equipment.",Yes,Verify isolation and zero energy,lockout/tagout not verified
SYN-0058,2025-02-01,Digboi,Driving / Vehicle Safety — driving between installations,"During driving between installations during the morning shift, seat belt was not used. A load shifted during transit. The deviation was identified early, before anyone was exposed to serious harm. The vehicle was removed from service for inspection.",No,Drive defensively and use seat belts,journey plan was not reviewed
SYN-0059,2025-01-04,Duliajan,Hot Work — cutting a steel support,"During welding on a process pipe while preparing the job, combustibles not cleared from the work area. Nearby oily rags began to smoulder. The condition created a credible potential for a fatal or permanently disabling event. The area was made safe and retested.",Yes,Control ignition sources and combustible materials,combustibles not cleared from the work area
SYN-0060,2025-02-17,Geleki,Lifting Operations — loading a valve assembly,"During lifting a pump motor after a change in the work sequence, personnel entered the suspended-load zone. The load passed over an occupied walkway. The condition created a credible potential for a fatal or permanently disabling event. The route was cleared and barricaded.",Yes,Plan and control lifting operations,sling inspection was overdue
SYN-0061,2025-11-19,Duliajan,Confined Space — inspection inside a vessel,"During entry into a sump while preparing the job, continuous gas monitoring was unavailable. A worker reported dizziness inside the vessel. The condition created a credible potential for a fatal or permanently disabling event. The standby rescue team secured the area.",Yes,Obtain authorization before entering a confined space,entry permit was incomplete
SYN-0062,2024-02-17,Digboi,Energy Isolation — pump maintenance,"During compressor servicing after a change in the work sequence, incorrect isolation point. The pump unexpectedly started. The deviation was identified early, before anyone was exposed to serious harm. The technician stopped work and isolated the equipment.",No,Verify isolation and zero energy,incorrect isolation point
SYN-0063,2025-03-08,Naharkatiya,Lifting Operations — relocating a chemical drum,"During relocating a chemical drum after a change in the work sequence, lifting plan was not followed. The load tilted unexpectedly above the work crew. The condition created a credible potential for a fatal or permanently disabling event. The load was lowered to a safe position.",Yes,Plan and control lifting operations,personnel entered the suspended-load zone
SYN-0064,2024-06-22,Bongaigaon,Confined Space — cleaning a storage tank,"During entry into a sump after a change in the work sequence, rescue plan was not briefed. A worker reported dizziness inside the vessel. The deviation was identified early, before anyone was exposed to serious harm. The standby rescue team secured the area.",No,Obtain authorization before entering a confined space,continuous gas monitoring was unavailable
SYN-0065,2024-08-27,Naharkatiya,Lifting Operations — lifting a pump motor,"During lifting a pump motor during a routine maintenance task, sling inspection was overdue. The load tilted unexpectedly above the work crew. The deviation was identified early, before anyone was exposed to serious harm. The route was cleared and barricaded.",No,Plan and control lifting operations,lifting plan was not followed
SYN-0066,2025-11-25,Naharkatiya,Driving / Vehicle Safety — transporting equipment on an access road,"During reversing a service vehicle after a change in the work sequence, journey plan was not reviewed. The vehicle nearly struck a pedestrian at the gate. The deviation was identified early, before anyone was exposed to serious harm. The vehicle was removed from service for inspection.",No,Drive defensively and use seat belts,journey plan was not reviewed
SYN-0067,2024-09-23,Digboi,Line of Fire — moving materials beside a pipe rack,"During loosening a seized flange during the morning shift, stored energy was not assessed. The hose whipped when the coupling released. The deviation was identified early, before anyone was exposed to serious harm. The area was barricaded before continuing.",No,Position yourself outside the line of fire,spotter communication was unclear
SYN-0068,2025-12-14,Duliajan,Lifting Operations — lifting a pump motor,"During lifting a pump motor after a change in the work sequence, sling inspection was overdue. A sling strand began to separate. The deviation was identified early, before anyone was exposed to serious harm. The load was lowered to a safe position.",No,Plan and control lifting operations,personnel entered the suspended-load zone
SYN-0069,2024-04-09,Geleki,Lifting Operations — relocating a chemical drum,"During relocating a chemical drum during the morning shift, sling inspection was overdue. The load tilted unexpectedly above the work crew. The condition created a credible potential for a fatal or permanently disabling event. The load was lowered to a safe position.",Yes,Plan and control lifting operations,sling inspection was overdue
SYN-0070,2024-02-11,Geleki,Driving / Vehicle Safety — transporting equipment on an access road,"During transporting equipment on an access road after a change in the work sequence, seat belt was not used. A load shifted during transit. The condition created a credible potential for a fatal or permanently disabling event. The driver stopped and reported the near miss.",Yes,Drive defensively and use seat belts,reversing alarm was not working
SYN-0071,2025-10-09,Digboi,Energy Isolation — valve replacement,"During pump maintenance after a change in the work sequence, lockout/tagout not verified. The pump unexpectedly started. The condition created a credible potential for a fatal or permanently disabling event. The supervisor initiated a toolbox talk.",Yes,Verify isolation and zero energy,incorrect isolation point
SYN-0072,2025-12-14,Geleki,Hot Work — grinding near the workshop,"During grinding near the workshop after a change in the work sequence, combustibles not cleared from the work area. Flammable vapour was detected during the task. The condition created a credible potential for a fatal or permanently disabling event. A suitable fire extinguisher was positioned before restart.",Yes,Control ignition sources and combustible materials,gas test not repeated
SYN-0073,2025-11-24,Bongaigaon,Energy Isolation — valve replacement,"During valve replacement during a routine maintenance task, lockout/tagout not verified. Residual pressure remained in the line. The condition created a credible potential for a fatal or permanently disabling event. The line was depressurized before work resumed.",Yes,Verify isolation and zero energy,lockout/tagout not verified
SYN-0074,2024-11-28,Duliajan,Energy Isolation — pump maintenance,"During pump maintenance after a change in the work sequence, incorrect isolation point. The pump unexpectedly started. The deviation was identified early, before anyone was exposed to serious harm. The supervisor initiated a toolbox talk.",No,Verify isolation and zero energy,lockout/tagout not verified
SYN-0075,2025-02-20,Geleki,Line of Fire — handling a pressurized hose,"During loosening a seized flange while preparing the job, stored energy was not assessed. The hose whipped when the coupling released. The deviation was identified early, before anyone was exposed to serious harm. The crew stepped back and reassessed the task.",No,Position yourself outside the line of fire,stored energy was not assessed
SYN-0076,2025-11-03,Duliajan,Energy Isolation — valve replacement,"During compressor servicing after a change in the work sequence, missing zero-energy test. Residual pressure remained in the line. The condition created a credible potential for a fatal or permanently disabling event. The technician stopped work and isolated the equipment.",Yes,Verify isolation and zero energy,lockout/tagout not verified
SYN-0077,2025-04-03,Bongaigaon,Line of Fire — handling a pressurized hose,"During moving materials beside a pipe rack during the morning shift, stored energy was not assessed. The hose whipped when the coupling released. The condition created a credible potential for a fatal or permanently disabling event. The lifting activity was paused for a new briefing.",Yes,Position yourself outside the line of fire,stored energy was not assessed
SYN-0078,2024-08-15,Duliajan,Driving / Vehicle Safety — driving between installations,"During transporting equipment on an access road after a change in the work sequence, journey plan was not reviewed. The vehicle nearly struck a pedestrian at the gate. The condition created a credible potential for a fatal or permanently disabling event. The vehicle was removed from service for inspection.",Yes,Drive defensively and use seat belts,journey plan was not reviewed
SYN-0079,2024-07-02,Digboi,Driving / Vehicle Safety — reversing a service vehicle,"During reversing a service vehicle after a change in the work sequence, reversing alarm was not working. The driver lost control on a wet bend. The deviation was identified early, before anyone was exposed to serious harm. The journey was restarted only after the load was secured.",No,Drive defensively and use seat belts,seat belt was not used
SYN-0080,2025-12-11,Naharkatiya,Hot Work — grinding near the workshop,"During grinding near the workshop during the morning shift, gas test not repeated. Nearby oily rags began to smoulder. The condition created a credible potential for a fatal or permanently disabling event. The fire watch raised the alarm and work was stopped.",Yes,Control ignition sources and combustible materials,gas test not repeated
SYN-0081,2025-05-15,Geleki,Hot Work — cutting a steel support,"During cutting a steel support while preparing the job, hot-work permit not displayed. Nearby oily rags began to smoulder. The deviation was identified early, before anyone was exposed to serious harm. The area was made safe and retested.",No,Control ignition sources and combustible materials,combustibles not cleared from the work area
SYN-0082,2025-09-30,Geleki,Lifting Operations — lifting a pump motor,"During relocating a chemical drum after a change in the work sequence, personnel entered the suspended-load zone. The load tilted unexpectedly above the work crew. The deviation was identified early, before anyone was exposed to serious harm. The banksman stopped the lift immediately.",No,Plan and control lifting operations,sling inspection was overdue
SYN-0083,2025-12-24,Geleki,Line of Fire — moving materials beside a pipe rack,"During loosening a seized flange during the morning shift, stored energy was not assessed. A suspended load swung across the access route. The deviation was identified early, before anyone was exposed to serious harm. The crew stepped back and reassessed the task.",No,Position yourself outside the line of fire,spotter communication was unclear
SYN-0084,2024-03-28,Duliajan,Confined Space — inspection inside a vessel,"During inspection inside a vessel during a routine maintenance task, continuous gas monitoring was unavailable. The attendant lost radio contact with the entrant. The condition created a credible potential for a fatal or permanently disabling event. The entrant exited immediately and medical support was alerted.",Yes,Obtain authorization before entering a confined space,continuous gas monitoring was unavailable
SYN-0085,2024-07-25,Digboi,Working at Height — accessing a tank roof,"During accessing a tank roof during the morning shift, scaffold inspection tag was missing. The worker slipped near an unprotected edge. The condition created a credible potential for a fatal or permanently disabling event. Work stopped until a certified access system was provided.",Yes,Protect yourself against falls from height,harness was not attached to an anchor
SYN-0086,2025-12-31,Digboi,Confined Space — entry into a sump,"During cleaning a storage tank during a routine maintenance task, rescue plan was not briefed. A worker reported dizziness inside the vessel. The condition created a credible potential for a fatal or permanently disabling event. The standby rescue team secured the area.",Yes,Obtain authorization before entering a confined space,continuous gas monitoring was unavailable
SYN-0087,2024-06-22,Geleki,Driving / Vehicle Safety — transporting equipment on an access road,"During reversing a service vehicle during a routine maintenance task, journey plan was not reviewed. The vehicle nearly struck a pedestrian at the gate. The condition created a credible potential for a fatal or permanently disabling event. The vehicle was removed from service for inspection.",Yes,Drive defensively and use seat belts,journey plan was not reviewed
SYN-0088,2025-09-26,Geleki,Driving / Vehicle Safety — reversing a service vehicle,"During reversing a service vehicle after a change in the work sequence, reversing alarm was not working. The driver lost control on a wet bend. The deviation was identified early, before anyone was exposed to serious harm. The vehicle was removed from service for inspection.",No,Drive defensively and use seat belts,reversing alarm was not working
SYN-0089,2025-01-23,Naharkatiya,Hot Work — cutting a steel support,"During grinding near the workshop while preparing the job, gas test not repeated. Sparks travelled toward an open drain. The deviation was identified early, before anyone was exposed to serious harm. The fire watch raised the alarm and work was stopped.",No,Control ignition sources and combustible materials,gas test not repeated
SYN-0090,2024-11-19,Geleki,Working at Height — repairing an elevated platform,"During installing cable tray at height after a change in the work sequence, harness was not attached to an anchor. A tool fell to the level below. The deviation was identified early, before anyone was exposed to serious harm. Work stopped until a certified access system was provided.",No,Protect yourself against falls from height,harness was not attached to an anchor
SYN-0091,2024-12-13,Geleki,Driving / Vehicle Safety — transporting equipment on an access road,"During transporting equipment on an access road during a routine maintenance task, journey plan was not reviewed. The vehicle nearly struck a pedestrian at the gate. The deviation was identified early, before anyone was exposed to serious harm. The vehicle was removed from service for inspection.",No,Drive defensively and use seat belts,reversing alarm was not working
SYN-0092,2024-08-26,Naharkatiya,Lifting Operations — relocating a chemical drum,"During loading a valve assembly during a routine maintenance task, sling inspection was overdue. A sling strand began to separate. The deviation was identified early, before anyone was exposed to serious harm. The banksman stopped the lift immediately.",No,Plan and control lifting operations,personnel entered the suspended-load zone
SYN-0093,2025-04-16,Duliajan,Line of Fire — handling a pressurized hose,"During handling a pressurized hose while preparing the job, spotter communication was unclear. The hose whipped when the coupling released. The deviation was identified early, before anyone was exposed to serious harm. The lifting activity was paused for a new briefing.",No,Position yourself outside the line of fire,exclusion zone was not maintained
SYN-0094,2024-05-25,Naharkatiya,Energy Isolation — valve replacement,"During pump maintenance while preparing the job, lockout/tagout not verified. Residual pressure remained in the line. The deviation was identified early, before anyone was exposed to serious harm. The line was depressurized before work resumed.",No,Verify isolation and zero energy,missing zero-energy test
SYN-0095,2025-10-13,Bongaigaon,Confined Space — cleaning a storage tank,"During cleaning a storage tank while preparing the job, entry permit was incomplete. Oxygen readings fell below the safe limit. The condition created a credible potential for a fatal or permanently disabling event. The standby rescue team secured the area.",Yes,Obtain authorization before entering a confined space,entry permit was incomplete
SYN-0096,2024-12-21,Bongaigaon,Energy Isolation — compressor servicing,"During pump maintenance during the morning shift, incorrect isolation point. A valve was still connected to the live header. The condition created a credible potential for a fatal or permanently disabling event. The technician stopped work and isolated the equipment.",Yes,Verify isolation and zero energy,incorrect isolation point
SYN-0097,2024-06-10,Bongaigaon,Lifting Operations — lifting a pump motor,"During relocating a chemical drum during a routine maintenance task, sling inspection was overdue. The load tilted unexpectedly above the work crew. The deviation was identified early, before anyone was exposed to serious harm. The route was cleared and barricaded.",No,Plan and control lifting operations,lifting plan was not followed
SYN-0098,2024-10-10,Bongaigaon,Working at Height — installing cable tray at height,"During repairing an elevated platform during the morning shift, scaffold inspection tag was missing. The worker slipped near an unprotected edge. The deviation was identified early, before anyone was exposed to serious harm. The supervisor arranged a scaffold inspection.",No,Protect yourself against falls from height,toe board was not installed
SYN-0099,2025-09-24,Geleki,Hot Work — welding on a process pipe,"During cutting a steel support during a routine maintenance task, hot-work permit not displayed. Nearby oily rags began to smoulder. The deviation was identified early, before anyone was exposed to serious harm. The fire watch raised the alarm and work was stopped.",No,Control ignition sources and combustible materials,gas test not repeated
SYN-0100,2024-10-12,Bongaigaon,Driving / Vehicle Safety — driving between installations,"During driving between installations while preparing the job, reversing alarm was not working. A load shifted during transit. The condition created a credible potential for a fatal or permanently disabling event. The driver stopped and reported the near miss.",Yes,Drive defensively and use seat belts,reversing alarm was not working
SYN-0101,2024-12-26,Digboi,Hot Work — grinding near the workshop,"During grinding near the workshop during a routine maintenance task, hot-work permit not displayed. Nearby oily rags began to smoulder. The condition created a credible potential for a fatal or permanently disabling event. A suitable fire extinguisher was positioned before restart.",Yes,Control ignition sources and combustible materials,gas test not repeated
SYN-0102,2025-01-15,Digboi,Hot Work — cutting a steel support,"During cutting a steel support during the morning shift, gas test not repeated. Flammable vapour was detected during the task. The condition created a credible potential for a fatal or permanently disabling event. A suitable fire extinguisher was positioned before restart.",Yes,Control ignition sources and combustible materials,combustibles not cleared from the work area
SYN-0103,2025-07-13,Duliajan,Confined Space — entry into a sump,"During cleaning a storage tank after a change in the work sequence, entry permit was incomplete. The attendant lost radio contact with the entrant. The condition created a credible potential for a fatal or permanently disabling event. The entrant exited immediately and medical support was alerted.",Yes,Obtain authorization before entering a confined space,rescue plan was not briefed
SYN-0104,2024-10-25,Geleki,Confined Space — cleaning a storage tank,"During cleaning a storage tank during the morning shift, rescue plan was not briefed. The attendant lost radio contact with the entrant. The condition created a credible potential for a fatal or permanently disabling event. The entrant exited immediately and medical support was alerted.",Yes,Obtain authorization before entering a confined space,continuous gas monitoring was unavailable
SYN-0105,2025-12-20,Bongaigaon,Hot Work — grinding near the workshop,"During cutting a steel support during the morning shift, gas test not repeated. Flammable vapour was detected during the task. The deviation was identified early, before anyone was exposed to serious harm. A suitable fire extinguisher was positioned before restart.",No,Control ignition sources and combustible materials,hot-work permit not displayed
SYN-0106,2024-04-25,Digboi,Working at Height — accessing a tank roof,"During installing cable tray at height during a routine maintenance task, harness was not attached to an anchor. The platform moved while being accessed. The deviation was identified early, before anyone was exposed to serious harm. Work stopped until a certified access system was provided.",No,Protect yourself against falls from height,toe board was not installed
SYN-0107,2025-03-10,Naharkatiya,Confined Space — inspection inside a vessel,"During inspection inside a vessel during a routine maintenance task, entry permit was incomplete. The attendant lost radio contact with the entrant. The condition created a credible potential for a fatal or permanently disabling event. The standby rescue team secured the area.",Yes,Obtain authorization before entering a confined space,entry permit was incomplete
SYN-0108,2025-12-25,Bongaigaon,Energy Isolation — pump maintenance,"During pump maintenance during a routine maintenance task, missing zero-energy test. A valve was still connected to the live header. The deviation was identified early, before anyone was exposed to serious harm. The line was depressurized before work resumed.",No,Verify isolation and zero energy,incorrect isolation point
SYN-0109,2025-11-12,Geleki,Working at Height — installing cable tray at height,"During repairing an elevated platform after a change in the work sequence, harness was not attached to an anchor. The platform moved while being accessed. The deviation was identified early, before anyone was exposed to serious harm. The supervisor arranged a scaffold inspection.",No,Protect yourself against falls from height,scaffold inspection tag was missing
SYN-0110,2025-09-20,Digboi,Energy Isolation — compressor servicing,"During pump maintenance during the morning shift, missing zero-energy test. The pump unexpectedly started. The condition created a credible potential for a fatal or permanently disabling event. The line was depressurized before work resumed.",Yes,Verify isolation and zero energy,missing zero-energy test
SYN-0111,2024-08-07,Naharkatiya,Confined Space — cleaning a storage tank,"During inspection inside a vessel after a change in the work sequence, continuous gas monitoring was unavailable. The attendant lost radio contact with the entrant. The deviation was identified early, before anyone was exposed to serious harm. The entrant exited immediately and medical support was alerted.",No,Obtain authorization before entering a confined space,rescue plan was not briefed
SYN-0112,2024-11-13,Geleki,Line of Fire — handling a pressurized hose,"During handling a pressurized hose after a change in the work sequence, stored energy was not assessed. A suspended load swung across the access route. The deviation was identified early, before anyone was exposed to serious harm. The area was barricaded before continuing.",No,Position yourself outside the line of fire,stored energy was not assessed
SYN-0113,2025-10-12,Bongaigaon,Energy Isolation — compressor servicing,"During valve replacement while preparing the job, lockout/tagout not verified. A valve was still connected to the live header. The condition created a credible potential for a fatal or permanently disabling event. The technician stopped work and isolated the equipment.",Yes,Verify isolation and zero energy,incorrect isolation point
SYN-0114,2025-10-31,Geleki,Energy Isolation — valve replacement,"During compressor servicing during a routine maintenance task, missing zero-energy test. The pump unexpectedly started. The condition created a credible potential for a fatal or permanently disabling event. The technician stopped work and isolated the equipment.",Yes,Verify isolation and zero energy,incorrect isolation point
SYN-0115,2025-03-12,Naharkatiya,Confined Space — cleaning a storage tank,"During cleaning a storage tank after a change in the work sequence, entry permit was incomplete. A worker reported dizziness inside the vessel. The deviation was identified early, before anyone was exposed to serious harm. The standby rescue team secured the area.",No,Obtain authorization before entering a confined space,rescue plan was not briefed
SYN-0116,2024-10-07,Digboi,Driving / Vehicle Safety — driving between installations,"During reversing a service vehicle during the morning shift, journey plan was not reviewed. The vehicle nearly struck a pedestrian at the gate. The condition created a credible potential for a fatal or permanently disabling event. The vehicle was removed from service for inspection.",Yes,Drive defensively and use seat belts,journey plan was not reviewed
SYN-0117,2025-02-02,Bongaigaon,Lifting Operations — loading a valve assembly,"During loading a valve assembly after a change in the work sequence, personnel entered the suspended-load zone. The load passed over an occupied walkway. The deviation was identified early, before anyone was exposed to serious harm. The route was cleared and barricaded.",No,Plan and control lifting operations,personnel entered the suspended-load zone
SYN-0118,2025-08-27,Geleki,Confined Space — entry into a sump,"During cleaning a storage tank during a routine maintenance task, entry permit was incomplete. The attendant lost radio contact with the entrant. The condition created a credible potential for a fatal or permanently disabling event. The standby rescue team secured the area.",Yes,Obtain authorization before entering a confined space,continuous gas monitoring was unavailable
SYN-0119,2025-09-26,Bongaigaon,Working at Height — accessing a tank roof,"During repairing an elevated platform while preparing the job, harness was not attached to an anchor. The platform moved while being accessed. The deviation was identified early, before anyone was exposed to serious harm. The supervisor arranged a scaffold inspection.",No,Protect yourself against falls from height,toe board was not installed
SYN-0120,2024-12-11,Digboi,Hot Work — cutting a steel support,"During grinding near the workshop while preparing the job, hot-work permit not displayed. Nearby oily rags began to smoulder. The condition created a credible potential for a fatal or permanently disabling event. The area was made safe and retested.",Yes,Control ignition sources and combustible materials,combustibles not cleared from the work area
SYN-0121,2024-07-10,Duliajan,Hot Work — grinding near the workshop,"During cutting a steel support during a routine maintenance task, combustibles not cleared from the work area. Sparks travelled toward an open drain. The deviation was identified early, before anyone was exposed to serious harm. A suitable fire extinguisher was positioned before restart.",No,Control ignition sources and combustible materials,hot-work permit not displayed
SYN-0122,2024-05-03,Duliajan,Working at Height — accessing a tank roof,"During accessing a tank roof during a routine maintenance task, harness was not attached to an anchor. The platform moved while being accessed. The deviation was identified early, before anyone was exposed to serious harm. Work stopped until a certified access system was provided.",No,Protect yourself against falls from height,scaffold inspection tag was missing
SYN-0123,2025-12-07,Duliajan,Working at Height — installing cable tray at height,"During installing cable tray at height during a routine maintenance task, harness was not attached to an anchor. The worker slipped near an unprotected edge. The deviation was identified early, before anyone was exposed to serious harm. The dropped-object zone was cleared.",No,Protect yourself against falls from height,harness was not attached to an anchor
SYN-0124,2024-10-21,Bongaigaon,Working at Height — repairing an elevated platform,"During installing cable tray at height after a change in the work sequence, harness was not attached to an anchor. A tool fell to the level below. The deviation was identified early, before anyone was exposed to serious harm. The dropped-object zone was cleared.",No,Protect yourself against falls from height,harness was not attached to an anchor
SYN-0125,2024-10-11,Geleki,Line of Fire — moving materials beside a pipe rack,"During loosening a seized flange during a routine maintenance task, exclusion zone was not maintained. A suspended load swung across the access route. The deviation was identified early, before anyone was exposed to serious harm. The lifting activity was paused for a new briefing.",No,Position yourself outside the line of fire,exclusion zone was not maintained
SYN-0126,2025-05-02,Naharkatiya,Energy Isolation — compressor servicing,"During pump maintenance after a change in the work sequence, incorrect isolation point. Residual pressure remained in the line. The condition created a credible potential for a fatal or permanently disabling event. The supervisor initiated a toolbox talk.",Yes,Verify isolation and zero energy,incorrect isolation point
SYN-0127,2025-06-07,Bongaigaon,Lifting Operations — relocating a chemical drum,"During lifting a pump motor while preparing the job, lifting plan was not followed. A sling strand began to separate. The deviation was identified early, before anyone was exposed to serious harm. The banksman stopped the lift immediately.",No,Plan and control lifting operations,lifting plan was not followed
SYN-0128,2024-11-25,Bongaigaon,Energy Isolation — compressor servicing,"During pump maintenance while preparing the job, lockout/tagout not verified. A valve was still connected to the live header. The condition created a credible potential for a fatal or permanently disabling event. The supervisor initiated a toolbox talk.",Yes,Verify isolation and zero energy,incorrect isolation point
SYN-0129,2024-04-05,Digboi,Driving / Vehicle Safety — reversing a service vehicle,"During transporting equipment on an access road after a change in the work sequence, reversing alarm was not working. The driver lost control on a wet bend. The deviation was identified early, before anyone was exposed to serious harm. The vehicle was removed from service for inspection.",No,Drive defensively and use seat belts,reversing alarm was not working
SYN-0130,2025-11-11,Naharkatiya,Lifting Operations — lifting a pump motor,"During lifting a pump motor during a routine maintenance task, sling inspection was overdue. The load tilted unexpectedly above the work crew. The deviation was identified early, before anyone was exposed to serious harm. The load was lowered to a safe position.",No,Plan and control lifting operations,lifting plan was not followed
SYN-0131,2024-08-10,Duliajan,Energy Isolation — pump maintenance,"During compressor servicing while preparing the job, missing zero-energy test. Residual pressure remained in the line. The deviation was identified early, before anyone was exposed to serious harm. The supervisor initiated a toolbox talk.",No,Verify isolation and zero energy,missing zero-energy test
SYN-0132,2025-11-16,Duliajan,Driving / Vehicle Safety — transporting equipment on an access road,"During driving between installations during the morning shift, seat belt was not used. The driver lost control on a wet bend. The deviation was identified early, before anyone was exposed to serious harm. The driver stopped and reported the near miss.",No,Drive defensively and use seat belts,journey plan was not reviewed
SYN-0133,2025-07-21,Duliajan,Line of Fire — handling a pressurized hose,"During moving materials beside a pipe rack after a change in the work sequence, stored energy was not assessed. The hose whipped when the coupling released. The condition created a credible potential for a fatal or permanently disabling event. The crew stepped back and reassessed the task.",Yes,Position yourself outside the line of fire,stored energy was not assessed
SYN-0134,2025-01-29,Digboi,Energy Isolation — valve replacement,"During valve replacement during the morning shift, lockout/tagout not verified. The pump unexpectedly started. The condition created a credible potential for a fatal or permanently disabling event. The supervisor initiated a toolbox talk.",Yes,Verify isolation and zero energy,incorrect isolation point
SYN-0135,2024-01-08,Digboi,Confined Space — inspection inside a vessel,"During cleaning a storage tank during the morning shift, continuous gas monitoring was unavailable. The attendant lost radio contact with the entrant. The condition created a credible potential for a fatal or permanently disabling event. The standby rescue team secured the area.",Yes,Obtain authorization before entering a confined space,rescue plan was not briefed
SYN-0136,2024-05-12,Naharkatiya,Energy Isolation — compressor servicing,"During valve replacement after a change in the work sequence, missing zero-energy test. Residual pressure remained in the line. The deviation was identified early, before anyone was exposed to serious harm. The technician stopped work and isolated the equipment.",No,Verify isolation and zero energy,lockout/tagout not verified
SYN-0137,2024-10-07,Naharkatiya,Driving / Vehicle Safety — driving between installations,"During transporting equipment on an access road during a routine maintenance task, reversing alarm was not working. The vehicle nearly struck a pedestrian at the gate. The deviation was identified early, before anyone was exposed to serious harm. The journey was restarted only after the load was secured.",No,Drive defensively and use seat belts,reversing alarm was not working
SYN-0138,2024-01-07,Digboi,Hot Work — grinding near the workshop,"During grinding near the workshop after a change in the work sequence, gas test not repeated. Flammable vapour was detected during the task. The condition created a credible potential for a fatal or permanently disabling event. The area was made safe and retested.",Yes,Control ignition sources and combustible materials,gas test not repeated
SYN-0139,2025-01-17,Naharkatiya,Driving / Vehicle Safety — transporting equipment on an access road,"During transporting equipment on an access road during the morning shift, reversing alarm was not working. The driver lost control on a wet bend. The deviation was identified early, before anyone was exposed to serious harm. The driver stopped and reported the near miss.",No,Drive defensively and use seat belts,journey plan was not reviewed
SYN-0140,2025-07-29,Digboi,Driving / Vehicle Safety — transporting equipment on an access road,"During transporting equipment on an access road after a change in the work sequence, reversing alarm was not working. A load shifted during transit. The condition created a credible potential for a fatal or permanently disabling event. The driver stopped and reported the near miss.",Yes,Drive defensively and use seat belts,seat belt was not used
SYN-0141,2025-11-12,Duliajan,Line of Fire — handling a pressurized hose,"During moving materials beside a pipe rack while preparing the job, exclusion zone was not maintained. A suspended load swung across the access route. The condition created a credible potential for a fatal or permanently disabling event. The crew stepped back and reassessed the task.",Yes,Position yourself outside the line of fire,spotter communication was unclear
SYN-0142,2024-03-08,Digboi,Working at Height — accessing a tank roof,"During repairing an elevated platform after a change in the work sequence, scaffold inspection tag was missing. A tool fell to the level below. The deviation was identified early, before anyone was exposed to serious harm. The supervisor arranged a scaffold inspection.",No,Protect yourself against falls from height,toe board was not installed
SYN-0143,2024-12-28,Duliajan,Driving / Vehicle Safety — driving between installations,"During transporting equipment on an access road after a change in the work sequence, seat belt was not used. A load shifted during transit. The condition created a credible potential for a fatal or permanently disabling event. The vehicle was removed from service for inspection.",Yes,Drive defensively and use seat belts,reversing alarm was not working
SYN-0144,2024-12-15,Duliajan,Working at Height — repairing an elevated platform,"During installing cable tray at height during the morning shift, scaffold inspection tag was missing. A tool fell to the level below. The deviation was identified early, before anyone was exposed to serious harm. The supervisor arranged a scaffold inspection.",No,Protect yourself against falls from height,scaffold inspection tag was missing
SYN-0145,2025-07-14,Digboi,Working at Height — accessing a tank roof,"During repairing an elevated platform while preparing the job, toe board was not installed. The platform moved while being accessed. The condition created a credible potential for a fatal or permanently disabling event. The supervisor arranged a scaffold inspection.",Yes,Protect yourself against falls from height,harness was not attached to an anchor
SYN-0146,2024-09-05,Bongaigaon,Line of Fire — handling a pressurized hose,"During handling a pressurized hose while preparing the job, spotter communication was unclear. The flange shifted suddenly toward the worker. The deviation was identified early, before anyone was exposed to serious harm. The area was barricaded before continuing.",No,Position yourself outside the line of fire,stored energy was not assessed
SYN-0147,2025-04-14,Duliajan,Lifting Operations — lifting a pump motor,"During loading a valve assembly after a change in the work sequence, personnel entered the suspended-load zone. The load tilted unexpectedly above the work crew. The condition created a credible potential for a fatal or permanently disabling event. The route was cleared and barricaded.",Yes,Plan and control lifting operations,sling inspection was overdue
SYN-0148,2025-11-19,Digboi,Energy Isolation — compressor servicing,"During valve replacement during a routine maintenance task, incorrect isolation point. The pump unexpectedly started. The condition created a credible potential for a fatal or permanently disabling event. The technician stopped work and isolated the equipment.",Yes,Verify isolation and zero energy,missing zero-energy test
SYN-0149,2025-10-26,Geleki,Confined Space — cleaning a storage tank,"During cleaning a storage tank while preparing the job, continuous gas monitoring was unavailable. The attendant lost radio contact with the entrant. The condition created a credible potential for a fatal or permanently disabling event. The standby rescue team secured the area.",Yes,Obtain authorization before entering a confined space,continuous gas monitoring was unavailable
SYN-0150,2024-06-16,Naharkatiya,Hot Work — welding on a process pipe,"During welding on a process pipe during a routine maintenance task, hot-work permit not displayed. Flammable vapour was detected during the task. The deviation was identified early, before anyone was exposed to serious harm. A suitable fire extinguisher was positioned before restart.",No,Control ignition sources and combustible materials,gas test not repeated
SYN-0151,2024-06-24,Digboi,Driving / Vehicle Safety — reversing a service vehicle,"During reversing a service vehicle while preparing the job, reversing alarm was not working. The vehicle nearly struck a pedestrian at the gate. The deviation was identified early, before anyone was exposed to serious harm. The driver stopped and reported the near miss.",No,Drive defensively and use seat belts,journey plan was not reviewed
SYN-0152,2024-09-04,Bongaigaon,Lifting Operations — relocating a chemical drum,"During relocating a chemical drum while preparing the job, sling inspection was overdue. The load tilted unexpectedly above the work crew. The deviation was identified early, before anyone was exposed to serious harm. The load was lowered to a safe position.",No,Plan and control lifting operations,lifting plan was not followed
SYN-0153,2024-08-23,Bongaigaon,Driving / Vehicle Safety — reversing a service vehicle,"During driving between installations during the morning shift, journey plan was not reviewed. The driver lost control on a wet bend. The condition created a credible potential for a fatal or permanently disabling event. The driver stopped and reported the near miss.",Yes,Drive defensively and use seat belts,journey plan was not reviewed
SYN-0154,2024-07-24,Naharkatiya,Energy Isolation — pump maintenance,"During compressor servicing after a change in the work sequence, lockout/tagout not verified. The pump unexpectedly started. The deviation was identified early, before anyone was exposed to serious harm. The line was depressurized before work resumed.",No,Verify isolation and zero energy,incorrect isolation point
SYN-0155,2025-03-13,Duliajan,Hot Work — grinding near the workshop,"During cutting a steel support while preparing the job, gas test not repeated. Nearby oily rags began to smoulder. The condition created a credible potential for a fatal or permanently disabling event. The fire watch raised the alarm and work was stopped.",Yes,Control ignition sources and combustible materials,hot-work permit not displayed
SYN-0156,2024-12-18,Geleki,Working at Height — accessing a tank roof,"During installing cable tray at height during the morning shift, harness was not attached to an anchor. The worker slipped near an unprotected edge. The condition created a credible potential for a fatal or permanently disabling event. The supervisor arranged a scaffold inspection.",Yes,Protect yourself against falls from height,toe board was not installed
SYN-0157,2025-06-10,Naharkatiya,Hot Work — cutting a steel support,"During cutting a steel support during the morning shift, hot-work permit not displayed. Sparks travelled toward an open drain. The deviation was identified early, before anyone was exposed to serious harm. The fire watch raised the alarm and work was stopped.",No,Control ignition sources and combustible materials,hot-work permit not displayed
SYN-0158,2025-07-26,Duliajan,Energy Isolation — compressor servicing,"During compressor servicing after a change in the work sequence, incorrect isolation point. The pump unexpectedly started. The condition created a credible potential for a fatal or permanently disabling event. The line was depressurized before work resumed.",Yes,Verify isolation and zero energy,incorrect isolation point
SYN-0159,2025-06-08,Bongaigaon,Energy Isolation — pump maintenance,"During pump maintenance while preparing the job, missing zero-energy test. The pump unexpectedly started. The condition created a credible potential for a fatal or permanently disabling event. The line was depressurized before work resumed.",Yes,Verify isolation and zero energy,incorrect isolation point
SYN-0160,2024-03-24,Bongaigaon,Confined Space — inspection inside a vessel,"During entry into a sump during a routine maintenance task, entry permit was incomplete. A worker reported dizziness inside the vessel. The condition created a credible potential for a fatal or permanently disabling event. The entrant exited immediately and medical support was alerted.",Yes,Obtain authorization before entering a confined space,rescue plan was not briefed
SYN-0161,2024-06-07,Geleki,Confined Space — entry into a sump,"During entry into a sump while preparing the job, rescue plan was not briefed. Oxygen readings fell below the safe limit. The deviation was identified early, before anyone was exposed to serious harm. The standby rescue team secured the area.",No,Obtain authorization before entering a confined space,entry permit was incomplete
SYN-0162,2025-10-22,Bongaigaon,Driving / Vehicle Safety — transporting equipment on an access road,"During reversing a service vehicle during a routine maintenance task, reversing alarm was not working. The driver lost control on a wet bend. The condition created a credible potential for a fatal or permanently disabling event. The vehicle was removed from service for inspection.",Yes,Drive defensively and use seat belts,reversing alarm was not working
SYN-0163,2025-09-23,Geleki,Hot Work — welding on a process pipe,"During cutting a steel support during the morning shift, combustibles not cleared from the work area. Nearby oily rags began to smoulder. The deviation was identified early, before anyone was exposed to serious harm. The fire watch raised the alarm and work was stopped.",No,Control ignition sources and combustible materials,hot-work permit not displayed
SYN-0164,2025-03-20,Geleki,Lifting Operations — loading a valve assembly,"During lifting a pump motor while preparing the job, sling inspection was overdue. A sling strand began to separate. The condition created a credible potential for a fatal or permanently disabling event. The route was cleared and barricaded.",Yes,Plan and control lifting operations,lifting plan was not followed
SYN-0165,2025-12-23,Bongaigaon,Energy Isolation — valve replacement,"During valve replacement while preparing the job, incorrect isolation point. Residual pressure remained in the line. The deviation was identified early, before anyone was exposed to serious harm. The technician stopped work and isolated the equipment.",No,Verify isolation and zero energy,lockout/tagout not verified
SYN-0166,2024-06-12,Geleki,Confined Space — inspection inside a vessel,"During cleaning a storage tank during the morning shift, entry permit was incomplete. Oxygen readings fell below the safe limit. The condition created a credible potential for a fatal or permanently disabling event. Ventilation was increased and the permit was reviewed.",Yes,Obtain authorization before entering a confined space,rescue plan was not briefed
SYN-0167,2025-01-04,Naharkatiya,Confined Space — inspection inside a vessel,"During cleaning a storage tank during a routine maintenance task, continuous gas monitoring was unavailable. A worker reported dizziness inside the vessel. The condition created a credible potential for a fatal or permanently disabling event. Ventilation was increased and the permit was reviewed.",Yes,Obtain authorization before entering a confined space,continuous gas monitoring was unavailable
SYN-0168,2025-02-16,Digboi,Working at Height — accessing a tank roof,"During repairing an elevated platform after a change in the work sequence, harness was not attached to an anchor. The platform moved while being accessed. The condition created a credible potential for a fatal or permanently disabling event. The supervisor arranged a scaffold inspection.",Yes,Protect yourself against falls from height,toe board was not installed
SYN-0169,2024-10-04,Digboi,Energy Isolation — pump maintenance,"During pump maintenance during a routine maintenance task, lockout/tagout not verified. Residual pressure remained in the line. The condition created a credible potential for a fatal or permanently disabling event. The technician stopped work and isolated the equipment.",Yes,Verify isolation and zero energy,incorrect isolation point
SYN-0170,2025-08-02,Bongaigaon,Working at Height — installing cable tray at height,"During installing cable tray at height after a change in the work sequence, harness was not attached to an anchor. The worker slipped near an unprotected edge. The deviation was identified early, before anyone was exposed to serious harm. Work stopped until a certified access system was provided.",No,Protect yourself against falls from height,scaffold inspection tag was missing
SYN-0171,2024-07-30,Digboi,Working at Height — accessing a tank roof,"During accessing a tank roof while preparing the job, toe board was not installed. A tool fell to the level below. The condition created a credible potential for a fatal or permanently disabling event. The supervisor arranged a scaffold inspection.",Yes,Protect yourself against falls from height,scaffold inspection tag was missing
SYN-0172,2024-05-16,Bongaigaon,Lifting Operations — loading a valve assembly,"During relocating a chemical drum during the morning shift, personnel entered the suspended-load zone. The load tilted unexpectedly above the work crew. The deviation was identified early, before anyone was exposed to serious harm. The route was cleared and barricaded.",No,Plan and control lifting operations,personnel entered the suspended-load zone
SYN-0173,2025-05-10,Naharkatiya,Energy Isolation — compressor servicing,"During valve replacement after a change in the work sequence, lockout/tagout not verified. Residual pressure remained in the line. The condition created a credible potential for a fatal or permanently disabling event. The line was depressurized before work resumed.",Yes,Verify isolation and zero energy,missing zero-energy test
SYN-0174,2024-11-05,Duliajan,Hot Work — grinding near the workshop,"During cutting a steel support while preparing the job, hot-work permit not displayed. Sparks travelled toward an open drain. The condition created a credible potential for a fatal or permanently disabling event. The area was made safe and retested.",Yes,Control ignition sources and combustible materials,combustibles not cleared from the work area
SYN-0175,2024-01-31,Naharkatiya,Hot Work — welding on a process pipe,"During welding on a process pipe during the morning shift, combustibles not cleared from the work area. Flammable vapour was detected during the task. The deviation was identified early, before anyone was exposed to serious harm. A suitable fire extinguisher was positioned before restart.",No,Control ignition sources and combustible materials,gas test not repeated
SYN-0176,2024-10-08,Duliajan,Driving / Vehicle Safety — reversing a service vehicle,"During driving between installations during a routine maintenance task, seat belt was not used. The vehicle nearly struck a pedestrian at the gate. The deviation was identified early, before anyone was exposed to serious harm. The journey was restarted only after the load was secured.",No,Drive defensively and use seat belts,journey plan was not reviewed
SYN-0177,2025-01-06,Duliajan,Lifting Operations — relocating a chemical drum,"During lifting a pump motor while preparing the job, sling inspection was overdue. The load tilted unexpectedly above the work crew. The condition created a credible potential for a fatal or permanently disabling event. The banksman stopped the lift immediately.",Yes,Plan and control lifting operations,personnel entered the suspended-load zone
SYN-0178,2024-03-14,Bongaigaon,Lifting Operations — lifting a pump motor,"During loading a valve assembly while preparing the job, lifting plan was not followed. A sling strand began to separate. The deviation was identified early, before anyone was exposed to serious harm. The route was cleared and barricaded.",No,Plan and control lifting operations,personnel entered the suspended-load zone
SYN-0179,2025-05-13,Duliajan,Hot Work — cutting a steel support,"During cutting a steel support during a routine maintenance task, gas test not repeated. Flammable vapour was detected during the task. The condition created a credible potential for a fatal or permanently disabling event. A suitable fire extinguisher was positioned before restart.",Yes,Control ignition sources and combustible materials,hot-work permit not displayed
SYN-0180,2024-01-14,Duliajan,Lifting Operations — lifting a pump motor,"During loading a valve assembly during the morning shift, sling inspection was overdue. A sling strand began to separate. The deviation was identified early, before anyone was exposed to serious harm. The load was lowered to a safe position.",No,Plan and control lifting operations,lifting plan was not followed
SYN-0181,2024-05-19,Duliajan,Lifting Operations — lifting a pump motor,"During relocating a chemical drum during a routine maintenance task, sling inspection was overdue. A sling strand began to separate. The deviation was identified early, before anyone was exposed to serious harm. The load was lowered to a safe position.",No,Plan and control lifting operations,lifting plan was not followed
SYN-0182,2024-03-22,Digboi,Driving / Vehicle Safety — transporting equipment on an access road,"During driving between installations while preparing the job, reversing alarm was not working. The driver lost control on a wet bend. The deviation was identified early, before anyone was exposed to serious harm. The journey was restarted only after the load was secured.",No,Drive defensively and use seat belts,journey plan was not reviewed
SYN-0183,2024-10-26,Bongaigaon,Lifting Operations — lifting a pump motor,"During relocating a chemical drum during a routine maintenance task, sling inspection was overdue. The load passed over an occupied walkway. The deviation was identified early, before anyone was exposed to serious harm. The route was cleared and barricaded.",No,Plan and control lifting operations,personnel entered the suspended-load zone
SYN-0184,2024-01-25,Digboi,Line of Fire — handling a pressurized hose,"During loosening a seized flange after a change in the work sequence, stored energy was not assessed. A suspended load swung across the access route. The deviation was identified early, before anyone was exposed to serious harm. The area was barricaded before continuing.",No,Position yourself outside the line of fire,exclusion zone was not maintained
SYN-0185,2025-05-20,Digboi,Confined Space — entry into a sump,"During entry into a sump during a routine maintenance task, continuous gas monitoring was unavailable. The attendant lost radio contact with the entrant. The condition created a credible potential for a fatal or permanently disabling event. The standby rescue team secured the area.",Yes,Obtain authorization before entering a confined space,continuous gas monitoring was unavailable
SYN-0186,2024-02-13,Digboi,Working at Height — installing cable tray at height,"During installing cable tray at height after a change in the work sequence, toe board was not installed. A tool fell to the level below. The condition created a credible potential for a fatal or permanently disabling event. The supervisor arranged a scaffold inspection.",Yes,Protect yourself against falls from height,harness was not attached to an anchor
SYN-0187,2025-05-25,Bongaigaon,Driving / Vehicle Safety — transporting equipment on an access road,"During transporting equipment on an access road after a change in the work sequence, reversing alarm was not working. The vehicle nearly struck a pedestrian at the gate. The deviation was identified early, before anyone was exposed to serious harm. The driver stopped and reported the near miss.",No,Drive defensively and use seat belts,seat belt was not used
SYN-0188,2025-01-28,Naharkatiya,Working at Height — repairing an elevated platform,"During repairing an elevated platform while preparing the job, scaffold inspection tag was missing. The worker slipped near an unprotected edge. The deviation was identified early, before anyone was exposed to serious harm. Work stopped until a certified access system was provided.",No,Protect yourself against falls from height,toe board was not installed
SYN-0189,2024-07-17,Geleki,Line of Fire — handling a pressurized hose,"During moving materials beside a pipe rack while preparing the job, spotter communication was unclear. The flange shifted suddenly toward the worker. The deviation was identified early, before anyone was exposed to serious harm. The lifting activity was paused for a new briefing.",No,Position yourself outside the line of fire,stored energy was not assessed
SYN-0190,2025-12-01,Bongaigaon,Energy Isolation — valve replacement,"During compressor servicing during a routine maintenance task, missing zero-energy test. Residual pressure remained in the line. The condition created a credible potential for a fatal or permanently disabling event. The line was depressurized before work resumed.",Yes,Verify isolation and zero energy,incorrect isolation point
SYN-0191,2025-05-18,Digboi,Working at Height — accessing a tank roof,"During repairing an elevated platform during the morning shift, scaffold inspection tag was missing. A tool fell to the level below. The deviation was identified early, before anyone was exposed to serious harm. The dropped-object zone was cleared.",No,Protect yourself against falls from height,toe board was not installed
SYN-0192,2025-06-04,Duliajan,Driving / Vehicle Safety — driving between installations,"During transporting equipment on an access road while preparing the job, seat belt was not used. A load shifted during transit. The deviation was identified early, before anyone was exposed to serious harm. The driver stopped and reported the near miss.",No,Drive defensively and use seat belts,journey plan was not reviewed
SYN-0193,2025-04-12,Duliajan,Lifting Operations — loading a valve assembly,"During loading a valve assembly during a routine maintenance task, personnel entered the suspended-load zone. A sling strand began to separate. The deviation was identified early, before anyone was exposed to serious harm. The load was lowered to a safe position.",No,Plan and control lifting operations,lifting plan was not followed
SYN-0194,2024-04-14,Digboi,Hot Work — welding on a process pipe,"During grinding near the workshop during a routine maintenance task, hot-work permit not displayed. Flammable vapour was detected during the task. The condition created a credible potential for a fatal or permanently disabling event. A suitable fire extinguisher was positioned before restart.",Yes,Control ignition sources and combustible materials,gas test not repeated
SYN-0195,2024-09-22,Digboi,Working at Height — repairing an elevated platform,"During accessing a tank roof during the morning shift, scaffold inspection tag was missing. A tool fell to the level below. The deviation was identified early, before anyone was exposed to serious harm. The supervisor arranged a scaffold inspection.",No,Protect yourself against falls from height,toe board was not installed
SYN-0196,2025-01-11,Digboi,Hot Work — cutting a steel support,"During welding on a process pipe during a routine maintenance task, combustibles not cleared from the work area. Nearby oily rags began to smoulder. The condition created a credible potential for a fatal or permanently disabling event. A suitable fire extinguisher was positioned before restart.",Yes,Control ignition sources and combustible materials,gas test not repeated
SYN-0197,2025-04-21,Bongaigaon,Driving / Vehicle Safety — reversing a service vehicle,"During reversing a service vehicle during the morning shift, reversing alarm was not working. A load shifted during transit. The deviation was identified early, before anyone was exposed to serious harm. The driver stopped and reported the near miss.",No,Drive defensively and use seat belts,journey plan was not reviewed
SYN-0198,2024-09-22,Digboi,Driving / Vehicle Safety — reversing a service vehicle,"During transporting equipment on an access road during the morning shift, reversing alarm was not working. The driver lost control on a wet bend. The deviation was identified early, before anyone was exposed to serious harm. The journey was restarted only after the load was secured.",No,Drive defensively and use seat belts,seat belt was not used
SYN-0199,2024-08-31,Duliajan,Energy Isolation — valve replacement,"During compressor servicing during the morning shift, missing zero-energy test. A valve was still connected to the live header. The condition created a credible potential for a fatal or permanently disabling event. The line was depressurized before work resumed.",Yes,Verify isolation and zero energy,missing zero-energy test
SYN-0200,2024-01-28,Bongaigaon,Working at Height — accessing a tank roof,"During repairing an elevated platform during a routine maintenance task, scaffold inspection tag was missing. A tool fell to the level below. The deviation was identified early, before anyone was exposed to serious harm. Work stopped until a certified access system was provided.",No,Protect yourself against falls from height,scaffold inspection tag was missing
SYN-0201,2025-10-10,Naharkatiya,Working at Height — accessing a tank roof,"During installing cable tray at height during a routine maintenance task, harness was not attached to an anchor. The platform moved while being accessed. The condition created a credible potential for a fatal or permanently disabling event. Work stopped until a certified access system was provided.",Yes,Protect yourself against falls from height,scaffold inspection tag was missing
SYN-0202,2024-09-13,Duliajan,Energy Isolation — pump maintenance,"During valve replacement after a change in the work sequence, incorrect isolation point. A valve was still connected to the live header. The condition created a credible potential for a fatal or permanently disabling event. The supervisor initiated a toolbox talk.",Yes,Verify isolation and zero energy,missing zero-energy test
SYN-0203,2024-12-30,Duliajan,Confined Space — entry into a sump,"During entry into a sump while preparing the job, entry permit was incomplete. Oxygen readings fell below the safe limit. The condition created a credible potential for a fatal or permanently disabling event. Ventilation was increased and the permit was reviewed.",Yes,Obtain authorization before entering a confined space,rescue plan was not briefed
SYN-0204,2025-02-25,Geleki,Energy Isolation — compressor servicing,"During compressor servicing after a change in the work sequence, missing zero-energy test. The pump unexpectedly started. The condition created a credible potential for a fatal or permanently disabling event. The technician stopped work and isolated the equipment.",Yes,Verify isolation and zero energy,incorrect isolation point
SYN-0205,2024-06-03,Naharkatiya,Hot Work — cutting a steel support,"During welding on a process pipe during the morning shift, gas test not repeated. Nearby oily rags began to smoulder. The condition created a credible potential for a fatal or permanently disabling event. A suitable fire extinguisher was positioned before restart.",Yes,Control ignition sources and combustible materials,combustibles not cleared from the work area
SYN-0206,2025-11-15,Geleki,Confined Space — inspection inside a vessel,"During entry into a sump after a change in the work sequence, entry permit was incomplete. Oxygen readings fell below the safe limit. The deviation was identified early, before anyone was exposed to serious harm. The standby rescue team secured the area.",No,Obtain authorization before entering a confined space,continuous gas monitoring was unavailable
SYN-0207,2024-09-19,Bongaigaon,Line of Fire — loosening a seized flange,"During loosening a seized flange after a change in the work sequence, exclusion zone was not maintained. The flange shifted suddenly toward the worker. The condition created a credible potential for a fatal or permanently disabling event. The lifting activity was paused for a new briefing.",Yes,Position yourself outside the line of fire,stored energy was not assessed
SYN-0208,2025-01-01,Duliajan,Driving / Vehicle Safety — transporting equipment on an access road,"During reversing a service vehicle during the morning shift, reversing alarm was not working. A load shifted during transit. The deviation was identified early, before anyone was exposed to serious harm. The driver stopped and reported the near miss.",No,Drive defensively and use seat belts,journey plan was not reviewed
SYN-0209,2024-01-13,Bongaigaon,Lifting Operations — loading a valve assembly,"During relocating a chemical drum during the morning shift, lifting plan was not followed. The load passed over an occupied walkway. The deviation was identified early, before anyone was exposed to serious harm. The route was cleared and barricaded.",No,Plan and control lifting operations,lifting plan was not followed
SYN-0210,2025-01-28,Geleki,Line of Fire — handling a pressurized hose,"During handling a pressurized hose while preparing the job, exclusion zone was not maintained. The hose whipped when the coupling released. The condition created a credible potential for a fatal or permanently disabling event. The crew stepped back and reassessed the task.",Yes,Position yourself outside the line of fire,stored energy was not assessed
SYN-0211,2024-05-12,Duliajan,Energy Isolation — compressor servicing,"During compressor servicing while preparing the job, missing zero-energy test. The pump unexpectedly started. The condition created a credible potential for a fatal or permanently disabling event. The technician stopped work and isolated the equipment.",Yes,Verify isolation and zero energy,lockout/tagout not verified
SYN-0212,2025-07-12,Naharkatiya,Confined Space — inspection inside a vessel,"During inspection inside a vessel during a routine maintenance task, entry permit was incomplete. Oxygen readings fell below the safe limit. The condition created a credible potential for a fatal or permanently disabling event. The standby rescue team secured the area.",Yes,Obtain authorization before entering a confined space,continuous gas monitoring was unavailable
SYN-0213,2024-10-29,Duliajan,Line of Fire — moving materials beside a pipe rack,"During loosening a seized flange during a routine maintenance task, spotter communication was unclear. A suspended load swung across the access route. The deviation was identified early, before anyone was exposed to serious harm. The crew stepped back and reassessed the task.",No,Position yourself outside the line of fire,spotter communication was unclear
SYN-0214,2024-04-08,Duliajan,Working at Height — repairing an elevated platform,"During accessing a tank roof during the morning shift, toe board was not installed. The worker slipped near an unprotected edge. The deviation was identified early, before anyone was exposed to serious harm. Work stopped until a certified access system was provided.",No,Protect yourself against falls from height,toe board was not installed
SYN-0215,2024-09-25,Duliajan,Driving / Vehicle Safety — reversing a service vehicle,"During reversing a service vehicle during a routine maintenance task, reversing alarm was not working. A load shifted during transit. The deviation was identified early, before anyone was exposed to serious harm. The vehicle was removed from service for inspection.",No,Drive defensively and use seat belts,reversing alarm was not working
SYN-0216,2024-11-19,Digboi,Confined Space — inspection inside a vessel,"During cleaning a storage tank while preparing the job, entry permit was incomplete. The attendant lost radio contact with the entrant. The condition created a credible potential for a fatal or permanently disabling event. The entrant exited immediately and medical support was alerted.",Yes,Obtain authorization before entering a confined space,entry permit was incomplete
SYN-0217,2025-03-15,Digboi,Confined Space — cleaning a storage tank,"During inspection inside a vessel during a routine maintenance task, continuous gas monitoring was unavailable. The attendant lost radio contact with the entrant. The deviation was identified early, before anyone was exposed to serious harm. The entrant exited immediately and medical support was alerted.",No,Obtain authorization before entering a confined space,rescue plan was not briefed
SYN-0218,2024-05-21,Digboi,Working at Height — accessing a tank roof,"During repairing an elevated platform after a change in the work sequence, toe board was not installed. A tool fell to the level below. The condition created a credible potential for a fatal or permanently disabling event. Work stopped until a certified access system was provided.",Yes,Protect yourself against falls from height,toe board was not installed
SYN-0219,2024-01-25,Bongaigaon,Working at Height — installing cable tray at height,"During accessing a tank roof while preparing the job, harness was not attached to an anchor. The worker slipped near an unprotected edge. The deviation was identified early, before anyone was exposed to serious harm. The supervisor arranged a scaffold inspection.",No,Protect yourself against falls from height,harness was not attached to an anchor
SYN-0220,2025-04-10,Geleki,Confined Space — entry into a sump,"During inspection inside a vessel during the morning shift, rescue plan was not briefed. Oxygen readings fell below the safe limit. The deviation was identified early, before anyone was exposed to serious harm. Ventilation was increased and the permit was reviewed.",No,Obtain authorization before entering a confined space,entry permit was incomplete
SYN-0221,2024-10-13,Geleki,Line of Fire — loosening a seized flange,"During handling a pressurized hose during the morning shift, exclusion zone was not maintained. A suspended load swung across the access route. The deviation was identified early, before anyone was exposed to serious harm. The lifting activity was paused for a new briefing.",No,Position yourself outside the line of fire,spotter communication was unclear
SYN-0222,2025-07-13,Digboi,Line of Fire — loosening a seized flange,"During loosening a seized flange while preparing the job, exclusion zone was not maintained. A suspended load swung across the access route. The deviation was identified early, before anyone was exposed to serious harm. The lifting activity was paused for a new briefing.",No,Position yourself outside the line of fire,spotter communication was unclear
SYN-0223,2024-11-02,Digboi,Confined Space — inspection inside a vessel,"During inspection inside a vessel after a change in the work sequence, continuous gas monitoring was unavailable. A worker reported dizziness inside the vessel. The condition created a credible potential for a fatal or permanently disabling event. The entrant exited immediately and medical support was alerted.",Yes,Obtain authorization before entering a confined space,entry permit was incomplete
SYN-0224,2025-05-13,Geleki,Working at Height — accessing a tank roof,"During installing cable tray at height while preparing the job, harness was not attached to an anchor. The platform moved while being accessed. The condition created a credible potential for a fatal or permanently disabling event. Work stopped until a certified access system was provided.",Yes,Protect yourself against falls from height,scaffold inspection tag was missing
SYN-0225,2024-10-14,Geleki,Line of Fire — loosening a seized flange,"During loosening a seized flange during a routine maintenance task, exclusion zone was not maintained. The flange shifted suddenly toward the worker. The deviation was identified early, before anyone was exposed to serious harm. The lifting activity was paused for a new briefing.",No,Position yourself outside the line of fire,stored energy was not assessed
SYN-0226,2024-02-10,Naharkatiya,Line of Fire — moving materials beside a pipe rack,"During loosening a seized flange while preparing the job, exclusion zone was not maintained. The hose whipped when the coupling released. The deviation was identified early, before anyone was exposed to serious harm. The area was barricaded before continuing.",No,Position yourself outside the line of fire,stored energy was not assessed
SYN-0227,2025-11-24,Bongaigaon,Driving / Vehicle Safety — transporting equipment on an access road,"During transporting equipment on an access road during the morning shift, seat belt was not used. The vehicle nearly struck a pedestrian at the gate. The deviation was identified early, before anyone was exposed to serious harm. The driver stopped and reported the near miss.",No,Drive defensively and use seat belts,reversing alarm was not working
SYN-0228,2025-08-14,Digboi,Driving / Vehicle Safety — driving between installations,"During reversing a service vehicle while preparing the job, journey plan was not reviewed. The vehicle nearly struck a pedestrian at the gate. The deviation was identified early, before anyone was exposed to serious harm. The journey was restarted only after the load was secured.",No,Drive defensively and use seat belts,journey plan was not reviewed
SYN-0229,2025-09-01,Naharkatiya,Energy Isolation — pump maintenance,"During pump maintenance after a change in the work sequence, incorrect isolation point. The pump unexpectedly started. The condition created a credible potential for a fatal or permanently disabling event. The supervisor initiated a toolbox talk.",Yes,Verify isolation and zero energy,lockout/tagout not verified
SYN-0230,2025-09-15,Digboi,Lifting Operations — lifting a pump motor,"During loading a valve assembly after a change in the work sequence, lifting plan was not followed. The load tilted unexpectedly above the work crew. The deviation was identified early, before anyone was exposed to serious harm. The load was lowered to a safe position.",No,Plan and control lifting operations,personnel entered the suspended-load zone
SYN-0231,2024-03-10,Geleki,Lifting Operations — lifting a pump motor,"During lifting a pump motor during a routine maintenance task, personnel entered the suspended-load zone. The load tilted unexpectedly above the work crew. The deviation was identified early, before anyone was exposed to serious harm. The load was lowered to a safe position.",No,Plan and control lifting operations,lifting plan was not followed
SYN-0232,2024-02-25,Geleki,Working at Height — installing cable tray at height,"During accessing a tank roof while preparing the job, harness was not attached to an anchor. The worker slipped near an unprotected edge. The condition created a credible potential for a fatal or permanently disabling event. The dropped-object zone was cleared.",Yes,Protect yourself against falls from height,harness was not attached to an anchor
SYN-0233,2025-02-01,Geleki,Energy Isolation — compressor servicing,"During valve replacement during a routine maintenance task, missing zero-energy test. A valve was still connected to the live header. The condition created a credible potential for a fatal or permanently disabling event. The line was depressurized before work resumed.",Yes,Verify isolation and zero energy,missing zero-energy test
SYN-0234,2025-04-19,Geleki,Driving / Vehicle Safety — driving between installations,"During driving between installations during the morning shift, journey plan was not reviewed. The vehicle nearly struck a pedestrian at the gate. The condition created a credible potential for a fatal or permanently disabling event. The journey was restarted only after the load was secured.",Yes,Drive defensively and use seat belts,journey plan was not reviewed
SYN-0235,2024-12-19,Digboi,Lifting Operations — relocating a chemical drum,"During relocating a chemical drum during a routine maintenance task, personnel entered the suspended-load zone. A sling strand began to separate. The condition created a credible potential for a fatal or permanently disabling event. The route was cleared and barricaded.",Yes,Plan and control lifting operations,personnel entered the suspended-load zone
SYN-0236,2024-05-20,Digboi,Confined Space — entry into a sump,"During inspection inside a vessel after a change in the work sequence, continuous gas monitoring was unavailable. Oxygen readings fell below the safe limit. The condition created a credible potential for a fatal or permanently disabling event. The standby rescue team secured the area.",Yes,Obtain authorization before entering a confined space,rescue plan was not briefed
SYN-0237,2024-12-21,Duliajan,Line of Fire — loosening a seized flange,"During moving materials beside a pipe rack while preparing the job, stored energy was not assessed. A suspended load swung across the access route. The deviation was identified early, before anyone was exposed to serious harm. The crew stepped back and reassessed the task.",No,Position yourself outside the line of fire,stored energy was not assessed
SYN-0238,2025-01-23,Geleki,Driving / Vehicle Safety — transporting equipment on an access road,"During driving between installations during the morning shift, journey plan was not reviewed. The vehicle nearly struck a pedestrian at the gate. The deviation was identified early, before anyone was exposed to serious harm. The driver stopped and reported the near miss.",No,Drive defensively and use seat belts,seat belt was not used
SYN-0239,2024-03-17,Duliajan,Hot Work — grinding near the workshop,"During welding on a process pipe during the morning shift, hot-work permit not displayed. Flammable vapour was detected during the task. The condition created a credible potential for a fatal or permanently disabling event. A suitable fire extinguisher was positioned before restart.",Yes,Control ignition sources and combustible materials,hot-work permit not displayed
SYN-0240,2025-04-20,Geleki,Line of Fire — handling a pressurized hose,"During handling a pressurized hose during the morning shift, exclusion zone was not maintained. A suspended load swung across the access route. The condition created a credible potential for a fatal or permanently disabling event. The crew stepped back and reassessed the task.",Yes,Position yourself outside the line of fire,stored energy was not assessed
SYN-0241,2025-11-29,Bongaigaon,Driving / Vehicle Safety — transporting equipment on an access road,"During reversing a service vehicle after a change in the work sequence, reversing alarm was not working. A load shifted during transit. The condition created a credible potential for a fatal or permanently disabling event. The journey was restarted only after the load was secured.",Yes,Drive defensively and use seat belts,journey plan was not reviewed
SYN-0242,2024-09-15,Bongaigaon,Driving / Vehicle Safety — driving between installations,"During transporting equipment on an access road during the morning shift, seat belt was not used. A load shifted during transit. The deviation was identified early, before anyone was exposed to serious harm. The driver stopped and reported the near miss.",No,Drive defensively and use seat belts,seat belt was not used
SYN-0243,2025-10-01,Bongaigaon,Line of Fire — handling a pressurized hose,"During loosening a seized flange while preparing the job, stored energy was not assessed. The hose whipped when the coupling released. The condition created a credible potential for a fatal or permanently disabling event. The crew stepped back and reassessed the task.",Yes,Position yourself outside the line of fire,stored energy was not assessed
SYN-0244,2025-06-03,Digboi,Hot Work — grinding near the workshop,"During grinding near the workshop after a change in the work sequence, combustibles not cleared from the work area. Nearby oily rags began to smoulder. The condition created a credible potential for a fatal or permanently disabling event. The area was made safe and retested.",Yes,Control ignition sources and combustible materials,combustibles not cleared from the work area
SYN-0245,2024-09-12,Digboi,Energy Isolation — pump maintenance,"During compressor servicing after a change in the work sequence, lockout/tagout not verified. A valve was still connected to the live header. The deviation was identified early, before anyone was exposed to serious harm. The line was depressurized before work resumed.",No,Verify isolation and zero energy,incorrect isolation point
SYN-0246,2024-12-31,Digboi,Lifting Operations — relocating a chemical drum,"During loading a valve assembly during a routine maintenance task, sling inspection was overdue. The load passed over an occupied walkway. The condition created a credible potential for a fatal or permanently disabling event. The route was cleared and barricaded.",Yes,Plan and control lifting operations,lifting plan was not followed
SYN-0247,2025-05-21,Bongaigaon,Lifting Operations — loading a valve assembly,"During lifting a pump motor after a change in the work sequence, lifting plan was not followed. The load tilted unexpectedly above the work crew. The condition created a credible potential for a fatal or permanently disabling event. The load was lowered to a safe position.",Yes,Plan and control lifting operations,lifting plan was not followed
SYN-0248,2024-08-16,Geleki,Lifting Operations — lifting a pump motor,"During lifting a pump motor after a change in the work sequence, lifting plan was not followed. The load passed over an occupied walkway. The deviation was identified early, before anyone was exposed to serious harm. The route was cleared and barricaded.",No,Plan and control lifting operations,lifting plan was not followed
SYN-0249,2025-04-05,Bongaigaon,Energy Isolation — valve replacement,"During compressor servicing during the morning shift, incorrect isolation point. Residual pressure remained in the line. The condition created a credible potential for a fatal or permanently disabling event. The line was depressurized before work resumed.",Yes,Verify isolation and zero energy,lockout/tagout not verified
SYN-0250,2025-08-08,Digboi,Driving / Vehicle Safety — reversing a service vehicle,"During reversing a service vehicle during a routine maintenance task, journey plan was not reviewed. The vehicle nearly struck a pedestrian at the gate. The condition created a credible potential for a fatal or permanently disabling event. The driver stopped and reported the near miss.",Yes,Drive defensively and use seat belts,reversing alarm was not working
SYN-0251,2025-01-14,Duliajan,Hot Work — cutting a steel support,"During grinding near the workshop during the morning shift, combustibles not cleared from the work area. Nearby oily rags began to smoulder. The condition created a credible potential for a fatal or permanently disabling event. The area was made safe and retested.",Yes,Control ignition sources and combustible materials,gas test not repeated
SYN-0252,2024-03-08,Duliajan,Confined Space — cleaning a storage tank,"During inspection inside a vessel during a routine maintenance task, rescue plan was not briefed. Oxygen readings fell below the safe limit. The condition created a credible potential for a fatal or permanently disabling event. Ventilation was increased and the permit was reviewed.",Yes,Obtain authorization before entering a confined space,rescue plan was not briefed
SYN-0253,2024-03-15,Bongaigaon,Line of Fire — moving materials beside a pipe rack,"During moving materials beside a pipe rack while preparing the job, stored energy was not assessed. The hose whipped when the coupling released. The condition created a credible potential for a fatal or permanently disabling event. The crew stepped back and reassessed the task.",Yes,Position yourself outside the line of fire,exclusion zone was not maintained
SYN-0254,2025-06-01,Bongaigaon,Lifting Operations — lifting a pump motor,"During lifting a pump motor while preparing the job, sling inspection was overdue. The load passed over an occupied walkway. The condition created a credible potential for a fatal or permanently disabling event. The load was lowered to a safe position.",Yes,Plan and control lifting operations,lifting plan was not followed
SYN-0255,2025-01-07,Bongaigaon,Lifting Operations — loading a valve assembly,"During loading a valve assembly during a routine maintenance task, lifting plan was not followed. The load tilted unexpectedly above the work crew. The deviation was identified early, before anyone was exposed to serious harm. The load was lowered to a safe position.",No,Plan and control lifting operations,sling inspection was overdue
SYN-0256,2025-05-04,Geleki,Driving / Vehicle Safety — reversing a service vehicle,"During reversing a service vehicle during the morning shift, journey plan was not reviewed. The vehicle nearly struck a pedestrian at the gate. The deviation was identified early, before anyone was exposed to serious harm. The vehicle was removed from service for inspection.",No,Drive defensively and use seat belts,journey plan was not reviewed
SYN-0257,2025-06-19,Naharkatiya,Lifting Operations — relocating a chemical drum,"During lifting a pump motor during the morning shift, personnel entered the suspended-load zone. The load tilted unexpectedly above the work crew. The deviation was identified early, before anyone was exposed to serious harm. The load was lowered to a safe position.",No,Plan and control lifting operations,sling inspection was overdue
SYN-0258,2025-04-08,Naharkatiya,Hot Work — welding on a process pipe,"During cutting a steel support during a routine maintenance task, hot-work permit not displayed. Sparks travelled toward an open drain. The condition created a credible potential for a fatal or permanently disabling event. The area was made safe and retested.",Yes,Control ignition sources and combustible materials,combustibles not cleared from the work area
SYN-0259,2025-02-03,Bongaigaon,Energy Isolation — valve replacement,"During pump maintenance during the morning shift, incorrect isolation point. A valve was still connected to the live header. The condition created a credible potential for a fatal or permanently disabling event. The line was depressurized before work resumed.",Yes,Verify isolation and zero energy,missing zero-energy test
SYN-0260,2024-07-12,Geleki,Confined Space — cleaning a storage tank,"During inspection inside a vessel during the morning shift, entry permit was incomplete. Oxygen readings fell below the safe limit. The condition created a credible potential for a fatal or permanently disabling event. The entrant exited immediately and medical support was alerted.",Yes,Obtain authorization before entering a confined space,continuous gas monitoring was unavailable
SYN-0261,2024-03-05,Bongaigaon,Energy Isolation — compressor servicing,"During pump maintenance while preparing the job, lockout/tagout not verified. Residual pressure remained in the line. The condition created a credible potential for a fatal or permanently disabling event. The technician stopped work and isolated the equipment.",Yes,Verify isolation and zero energy,missing zero-energy test
SYN-0262,2024-12-29,Bongaigaon,Lifting Operations — loading a valve assembly,"During relocating a chemical drum after a change in the work sequence, lifting plan was not followed. The load tilted unexpectedly above the work crew. The deviation was identified early, before anyone was exposed to serious harm. The banksman stopped the lift immediately.",No,Plan and control lifting operations,sling inspection was overdue
SYN-0263,2024-07-15,Digboi,Working at Height — accessing a tank roof,"During accessing a tank roof after a change in the work sequence, toe board was not installed. The worker slipped near an unprotected edge. The deviation was identified early, before anyone was exposed to serious harm. Work stopped until a certified access system was provided.",No,Protect yourself against falls from height,scaffold inspection tag was missing
SYN-0264,2025-12-02,Bongaigaon,Confined Space — inspection inside a vessel,"During cleaning a storage tank while preparing the job, continuous gas monitoring was unavailable. A worker reported dizziness inside the vessel. The condition created a credible potential for a fatal or permanently disabling event. Ventilation was increased and the permit was reviewed.",Yes,Obtain authorization before entering a confined space,entry permit was incomplete
SYN-0265,2025-11-10,Bongaigaon,Working at Height — installing cable tray at height,"During accessing a tank roof during the morning shift, toe board was not installed. The worker slipped near an unprotected edge. The deviation was identified early, before anyone was exposed to serious harm. The supervisor arranged a scaffold inspection.",No,Protect yourself against falls from height,scaffold inspection tag was missing
SYN-0266,2024-04-09,Naharkatiya,Hot Work — cutting a steel support,"During welding on a process pipe during the morning shift, combustibles not cleared from the work area. Sparks travelled toward an open drain. The deviation was identified early, before anyone was exposed to serious harm. The area was made safe and retested.",No,Control ignition sources and combustible materials,hot-work permit not displayed
SYN-0267,2025-08-21,Digboi,Line of Fire — loosening a seized flange,"During moving materials beside a pipe rack after a change in the work sequence, exclusion zone was not maintained. A suspended load swung across the access route. The deviation was identified early, before anyone was exposed to serious harm. The crew stepped back and reassessed the task.",No,Position yourself outside the line of fire,exclusion zone was not maintained
SYN-0268,2025-10-24,Bongaigaon,Confined Space — inspection inside a vessel,"During cleaning a storage tank while preparing the job, continuous gas monitoring was unavailable. The attendant lost radio contact with the entrant. The condition created a credible potential for a fatal or permanently disabling event. The standby rescue team secured the area.",Yes,Obtain authorization before entering a confined space,continuous gas monitoring was unavailable
SYN-0269,2024-12-21,Naharkatiya,Driving / Vehicle Safety — driving between installations,"During transporting equipment on an access road after a change in the work sequence, reversing alarm was not working. A load shifted during transit. The deviation was identified early, before anyone was exposed to serious harm. The vehicle was removed from service for inspection.",No,Drive defensively and use seat belts,reversing alarm was not working
SYN-0270,2024-05-24,Digboi,Confined Space — inspection inside a vessel,"During cleaning a storage tank during a routine maintenance task, entry permit was incomplete. The attendant lost radio contact with the entrant. The deviation was identified early, before anyone was exposed to serious harm. The entrant exited immediately and medical support was alerted.",No,Obtain authorization before entering a confined space,entry permit was incomplete
SYN-0271,2024-07-14,Geleki,Lifting Operations — relocating a chemical drum,"During relocating a chemical drum during a routine maintenance task, lifting plan was not followed. The load tilted unexpectedly above the work crew. The deviation was identified early, before anyone was exposed to serious harm. The load was lowered to a safe position.",No,Plan and control lifting operations,lifting plan was not followed
SYN-0272,2024-02-29,Geleki,Working at Height — repairing an elevated platform,"During repairing an elevated platform while preparing the job, scaffold inspection tag was missing. The platform moved while being accessed. The deviation was identified early, before anyone was exposed to serious harm. The dropped-object zone was cleared.",No,Protect yourself against falls from height,harness was not attached to an anchor
SYN-0273,2025-07-17,Digboi,Hot Work — cutting a steel support,"During welding on a process pipe during the morning shift, gas test not repeated. Sparks travelled toward an open drain. The deviation was identified early, before anyone was exposed to serious harm. A suitable fire extinguisher was positioned before restart.",No,Control ignition sources and combustible materials,combustibles not cleared from the work area
SYN-0274,2025-07-28,Bongaigaon,Working at Height — installing cable tray at height,"During repairing an elevated platform during a routine maintenance task, scaffold inspection tag was missing. The platform moved while being accessed. The deviation was identified early, before anyone was exposed to serious harm. The dropped-object zone was cleared.",No,Protect yourself against falls from height,toe board was not installed
SYN-0275,2024-08-25,Naharkatiya,Driving / Vehicle Safety — driving between installations,"During transporting equipment on an access road during a routine maintenance task, seat belt was not used. The driver lost control on a wet bend. The deviation was identified early, before anyone was exposed to serious harm. The journey was restarted only after the load was secured.",No,Drive defensively and use seat belts,reversing alarm was not working
SYN-0276,2025-04-08,Duliajan,Energy Isolation — valve replacement,"During pump maintenance while preparing the job, lockout/tagout not verified. Residual pressure remained in the line. The condition created a credible potential for a fatal or permanently disabling event. The supervisor initiated a toolbox talk.",Yes,Verify isolation and zero energy,incorrect isolation point
SYN-0277,2025-07-12,Bongaigaon,Working at Height — accessing a tank roof,"During repairing an elevated platform during a routine maintenance task, toe board was not installed. A tool fell to the level below. The deviation was identified early, before anyone was exposed to serious harm. The supervisor arranged a scaffold inspection.",No,Protect yourself against falls from height,toe board was not installed
SYN-0278,2024-07-28,Bongaigaon,Line of Fire — handling a pressurized hose,"During loosening a seized flange during a routine maintenance task, exclusion zone was not maintained. A suspended load swung across the access route. The deviation was identified early, before anyone was exposed to serious harm. The lifting activity was paused for a new briefing.",No,Position yourself outside the line of fire,exclusion zone was not maintained
SYN-0279,2024-11-13,Digboi,Confined Space — entry into a sump,"During cleaning a storage tank after a change in the work sequence, entry permit was incomplete. Oxygen readings fell below the safe limit. The condition created a credible potential for a fatal or permanently disabling event. Ventilation was increased and the permit was reviewed.",Yes,Obtain authorization before entering a confined space,rescue plan was not briefed
SYN-0280,2025-08-09,Naharkatiya,Driving / Vehicle Safety — driving between installations,"During driving between installations after a change in the work sequence, journey plan was not reviewed. The vehicle nearly struck a pedestrian at the gate. The condition created a credible potential for a fatal or permanently disabling event. The vehicle was removed from service for inspection.",Yes,Drive defensively and use seat belts,reversing alarm was not working
SYN-0281,2025-01-27,Digboi,Energy Isolation — compressor servicing,"During pump maintenance during the morning shift, incorrect isolation point. A valve was still connected to the live header. The condition created a credible potential for a fatal or permanently disabling event. The supervisor initiated a toolbox talk.",Yes,Verify isolation and zero energy,incorrect isolation point
SYN-0282,2024-09-03,Duliajan,Energy Isolation — pump maintenance,"During valve replacement during the morning shift, lockout/tagout not verified. A valve was still connected to the live header. The condition created a credible potential for a fatal or permanently disabling event. The technician stopped work and isolated the equipment.",Yes,Verify isolation and zero energy,missing zero-energy test
SYN-0283,2025-06-19,Duliajan,Hot Work — cutting a steel support,"During grinding near the workshop during a routine maintenance task, hot-work permit not displayed. Sparks travelled toward an open drain. The condition created a credible potential for a fatal or permanently disabling event. A suitable fire extinguisher was positioned before restart.",Yes,Control ignition sources and combustible materials,gas test not repeated
SYN-0284,2025-03-01,Naharkatiya,Lifting Operations — relocating a chemical drum,"During lifting a pump motor during the morning shift, personnel entered the suspended-load zone. The load passed over an occupied walkway. The deviation was identified early, before anyone was exposed to serious harm. The load was lowered to a safe position.",No,Plan and control lifting operations,sling inspection was overdue
SYN-0285,2025-03-13,Duliajan,Hot Work — grinding near the workshop,"During cutting a steel support during the morning shift, gas test not repeated. Sparks travelled toward an open drain. The condition created a credible potential for a fatal or permanently disabling event. A suitable fire extinguisher was positioned before restart.",Yes,Control ignition sources and combustible materials,gas test not repeated
SYN-0286,2025-03-07,Naharkatiya,Driving / Vehicle Safety — driving between installations,"During driving between installations while preparing the job, journey plan was not reviewed. A load shifted during transit. The deviation was identified early, before anyone was exposed to serious harm. The vehicle was removed from service for inspection.",No,Drive defensively and use seat belts,reversing alarm was not working
SYN-0287,2025-06-29,Geleki,Confined Space — inspection inside a vessel,"During entry into a sump after a change in the work sequence, entry permit was incomplete. Oxygen readings fell below the safe limit. The deviation was identified early, before anyone was exposed to serious harm. Ventilation was increased and the permit was reviewed.",No,Obtain authorization before entering a confined space,continuous gas monitoring was unavailable
SYN-0288,2024-09-16,Bongaigaon,Lifting Operations — lifting a pump motor,"During loading a valve assembly while preparing the job, lifting plan was not followed. A sling strand began to separate. The deviation was identified early, before anyone was exposed to serious harm. The load was lowered to a safe position.",No,Plan and control lifting operations,sling inspection was overdue
SYN-0289,2024-10-13,Naharkatiya,Hot Work — welding on a process pipe,"During cutting a steel support after a change in the work sequence, combustibles not cleared from the work area. Sparks travelled toward an open drain. The deviation was identified early, before anyone was exposed to serious harm. The fire watch raised the alarm and work was stopped.",No,Control ignition sources and combustible materials,combustibles not cleared from the work area
SYN-0290,2025-04-01,Duliajan,Confined Space — cleaning a storage tank,"During entry into a sump after a change in the work sequence, continuous gas monitoring was unavailable. The attendant lost radio contact with the entrant. The deviation was identified early, before anyone was exposed to serious harm. The entrant exited immediately and medical support was alerted.",No,Obtain authorization before entering a confined space,continuous gas monitoring was unavailable
SYN-0291,2024-09-04,Naharkatiya,Driving / Vehicle Safety — transporting equipment on an access road,"During driving between installations during a routine maintenance task, seat belt was not used. The vehicle nearly struck a pedestrian at the gate. The condition created a credible potential for a fatal or permanently disabling event. The driver stopped and reported the near miss.",Yes,Drive defensively and use seat belts,reversing alarm was not working
SYN-0292,2024-06-25,Digboi,Lifting Operations — relocating a chemical drum,"During lifting a pump motor while preparing the job, lifting plan was not followed. A sling strand began to separate. The deviation was identified early, before anyone was exposed to serious harm. The banksman stopped the lift immediately.",No,Plan and control lifting operations,lifting plan was not followed
SYN-0293,2024-09-21,Bongaigaon,Lifting Operations — lifting a pump motor,"During relocating a chemical drum while preparing the job, personnel entered the suspended-load zone. The load passed over an occupied walkway. The deviation was identified early, before anyone was exposed to serious harm. The load was lowered to a safe position.",No,Plan and control lifting operations,sling inspection was overdue
SYN-0294,2025-10-17,Bongaigaon,Driving / Vehicle Safety — transporting equipment on an access road,"During driving between installations during the morning shift, reversing alarm was not working. The vehicle nearly struck a pedestrian at the gate. The deviation was identified early, before anyone was exposed to serious harm. The vehicle was removed from service for inspection.",No,Drive defensively and use seat belts,seat belt was not used
SYN-0295,2025-05-14,Digboi,Working at Height — repairing an elevated platform,"During installing cable tray at height after a change in the work sequence, harness was not attached to an anchor. A tool fell to the level below. The deviation was identified early, before anyone was exposed to serious harm. Work stopped until a certified access system was provided.",No,Protect yourself against falls from height,toe board was not installed
SYN-0296,2025-11-01,Naharkatiya,Driving / Vehicle Safety — driving between installations,"During transporting equipment on an access road during a routine maintenance task, journey plan was not reviewed. A load shifted during transit. The condition created a credible potential for a fatal or permanently disabling event. The vehicle was removed from service for inspection.",Yes,Drive defensively and use seat belts,seat belt was not used
SYN-0297,2024-01-16,Bongaigaon,Energy Isolation — pump maintenance,"During compressor servicing while preparing the job, incorrect isolation point. Residual pressure remained in the line. The condition created a credible potential for a fatal or permanently disabling event. The line was depressurized before work resumed.",Yes,Verify isolation and zero energy,incorrect isolation point
SYN-0298,2024-03-03,Digboi,Energy Isolation — compressor servicing,"During valve replacement during the morning shift, lockout/tagout not verified. A valve was still connected to the live header. The condition created a credible potential for a fatal or permanently disabling event. The supervisor initiated a toolbox talk.",Yes,Verify isolation and zero energy,missing zero-energy test
SYN-0299,2024-03-26,Naharkatiya,Driving / Vehicle Safety — transporting equipment on an access road,"During driving between installations after a change in the work sequence, reversing alarm was not working. The vehicle nearly struck a pedestrian at the gate. The condition created a credible potential for a fatal or permanently disabling event. The vehicle was removed from service for inspection.",Yes,Drive defensively and use seat belts,seat belt was not used
SYN-0300,2024-06-22,Digboi,Lifting Operations — lifting a pump motor,"During relocating a chemical drum during a routine maintenance task, sling inspection was overdue. The load tilted unexpectedly above the work crew. The condition created a credible potential for a fatal or permanently disabling event. The banksman stopped the lift immediately.",Yes,Plan and control lifting operations,lifting plan was not followed
SYN-0301,2024-05-07,Bongaigaon,Working at Height — repairing an elevated platform,"During accessing a tank roof after a change in the work sequence, harness was not attached to an anchor. The platform moved while being accessed. The deviation was identified early, before anyone was exposed to serious harm. Work stopped until a certified access system was provided.",No,Protect yourself against falls from height,toe board was not installed
SYN-0302,2025-03-31,Naharkatiya,Line of Fire — moving materials beside a pipe rack,"During loosening a seized flange while preparing the job, stored energy was not assessed. The flange shifted suddenly toward the worker. The deviation was identified early, before anyone was exposed to serious harm. The crew stepped back and reassessed the task.",No,Position yourself outside the line of fire,exclusion zone was not maintained
SYN-0303,2025-03-24,Bongaigaon,Hot Work — grinding near the workshop,"During grinding near the workshop during a routine maintenance task, hot-work permit not displayed. Nearby oily rags began to smoulder. The deviation was identified early, before anyone was exposed to serious harm. The area was made safe and retested.",No,Control ignition sources and combustible materials,gas test not repeated
SYN-0304,2025-02-19,Naharkatiya,Line of Fire — moving materials beside a pipe rack,"During loosening a seized flange during the morning shift, stored energy was not assessed. A suspended load swung across the access route. The deviation was identified early, before anyone was exposed to serious harm. The lifting activity was paused for a new briefing.",No,Position yourself outside the line of fire,stored energy was not assessed
SYN-0305,2024-02-13,Duliajan,Lifting Operations — loading a valve assembly,"During lifting a pump motor while preparing the job, lifting plan was not followed. A sling strand began to separate. The deviation was identified early, before anyone was exposed to serious harm. The banksman stopped the lift immediately.",No,Plan and control lifting operations,sling inspection was overdue
SYN-0306,2025-08-24,Duliajan,Working at Height — repairing an elevated platform,"During repairing an elevated platform during a routine maintenance task, toe board was not installed. The worker slipped near an unprotected edge. The deviation was identified early, before anyone was exposed to serious harm. Work stopped until a certified access system was provided.",No,Protect yourself against falls from height,toe board was not installed
SYN-0307,2024-08-26,Geleki,Energy Isolation — valve replacement,"During pump maintenance while preparing the job, missing zero-energy test. The pump unexpectedly started. The condition created a credible potential for a fatal or permanently disabling event. The line was depressurized before work resumed.",Yes,Verify isolation and zero energy,incorrect isolation point
SYN-0308,2025-04-30,Duliajan,Lifting Operations — relocating a chemical drum,"During lifting a pump motor during the morning shift, lifting plan was not followed. A sling strand began to separate. The deviation was identified early, before anyone was exposed to serious harm. The route was cleared and barricaded.",No,Plan and control lifting operations,personnel entered the suspended-load zone
SYN-0309,2024-09-19,Bongaigaon,Energy Isolation — compressor servicing,"During pump maintenance during a routine maintenance task, missing zero-energy test. A valve was still connected to the live header. The condition created a credible potential for a fatal or permanently disabling event. The line was depressurized before work resumed.",Yes,Verify isolation and zero energy,incorrect isolation point
SYN-0310,2024-08-17,Naharkatiya,Working at Height — accessing a tank roof,"During accessing a tank roof during the morning shift, toe board was not installed. The platform moved while being accessed. The deviation was identified early, before anyone was exposed to serious harm. The supervisor arranged a scaffold inspection.",No,Protect yourself against falls from height,harness was not attached to an anchor
SYN-0311,2024-10-25,Duliajan,Lifting Operations — lifting a pump motor,"During lifting a pump motor while preparing the job, personnel entered the suspended-load zone. A sling strand began to separate. The deviation was identified early, before anyone was exposed to serious harm. The banksman stopped the lift immediately.",No,Plan and control lifting operations,sling inspection was overdue
SYN-0312,2025-01-27,Duliajan,Confined Space — cleaning a storage tank,"During entry into a sump during the morning shift, rescue plan was not briefed. The attendant lost radio contact with the entrant. The condition created a credible potential for a fatal or permanently disabling event. Ventilation was increased and the permit was reviewed.",Yes,Obtain authorization before entering a confined space,entry permit was incomplete
SYN-0313,2024-03-16,Digboi,Hot Work — welding on a process pipe,"During cutting a steel support during a routine maintenance task, combustibles not cleared from the work area. Sparks travelled toward an open drain. The deviation was identified early, before anyone was exposed to serious harm. A suitable fire extinguisher was positioned before restart.",No,Control ignition sources and combustible materials,gas test not repeated
SYN-0314,2025-09-18,Geleki,Working at Height — accessing a tank roof,"During accessing a tank roof during a routine maintenance task, scaffold inspection tag was missing. The worker slipped near an unprotected edge. The deviation was identified early, before anyone was exposed to serious harm. Work stopped until a certified access system was provided.",No,Protect yourself against falls from height,harness was not attached to an anchor
SYN-0315,2024-02-29,Naharkatiya,Line of Fire — moving materials beside a pipe rack,"During moving materials beside a pipe rack during a routine maintenance task, spotter communication was unclear. The flange shifted suddenly toward the worker. The condition created a credible potential for a fatal or permanently disabling event. The crew stepped back and reassessed the task.",Yes,Position yourself outside the line of fire,stored energy was not assessed
SYN-0316,2024-02-07,Duliajan,Working at Height — repairing an elevated platform,"During accessing a tank roof while preparing the job, harness was not attached to an anchor. A tool fell to the level below. The condition created a credible potential for a fatal or permanently disabling event. The supervisor arranged a scaffold inspection.",Yes,Protect yourself against falls from height,toe board was not installed
SYN-0317,2025-01-27,Duliajan,Energy Isolation — valve replacement,"During pump maintenance after a change in the work sequence, lockout/tagout not verified. Residual pressure remained in the line. The deviation was identified early, before anyone was exposed to serious harm. The technician stopped work and isolated the equipment.",No,Verify isolation and zero energy,missing zero-energy test
SYN-0318,2025-02-04,Geleki,Driving / Vehicle Safety — reversing a service vehicle,"During reversing a service vehicle during a routine maintenance task, seat belt was not used. The vehicle nearly struck a pedestrian at the gate. The condition created a credible potential for a fatal or permanently disabling event. The driver stopped and reported the near miss.",Yes,Drive defensively and use seat belts,journey plan was not reviewed
SYN-0319,2025-07-04,Bongaigaon,Hot Work — grinding near the workshop,"During welding on a process pipe during a routine maintenance task, gas test not repeated. Flammable vapour was detected during the task. The condition created a credible potential for a fatal or permanently disabling event. A suitable fire extinguisher was positioned before restart.",Yes,Control ignition sources and combustible materials,combustibles not cleared from the work area
SYN-0320,2025-02-12,Geleki,Driving / Vehicle Safety — reversing a service vehicle,"During reversing a service vehicle while preparing the job, seat belt was not used. The vehicle nearly struck a pedestrian at the gate. The condition created a credible potential for a fatal or permanently disabling event. The vehicle was removed from service for inspection.",Yes,Drive defensively and use seat belts,seat belt was not used
SYN-0321,2025-03-17,Duliajan,Working at Height — repairing an elevated platform,"During installing cable tray at height after a change in the work sequence, toe board was not installed. A tool fell to the level below. The deviation was identified early, before anyone was exposed to serious harm. Work stopped until a certified access system was provided.",No,Protect yourself against falls from height,toe board was not installed
SYN-0322,2024-02-09,Duliajan,Working at Height — installing cable tray at height,"During accessing a tank roof while preparing the job, toe board was not installed. The platform moved while being accessed. The deviation was identified early, before anyone was exposed to serious harm. The supervisor arranged a scaffold inspection.",No,Protect yourself against falls from height,scaffold inspection tag was missing
SYN-0323,2024-01-01,Geleki,Line of Fire — handling a pressurized hose,"During moving materials beside a pipe rack while preparing the job, stored energy was not assessed. A suspended load swung across the access route. The deviation was identified early, before anyone was exposed to serious harm. The lifting activity was paused for a new briefing.",No,Position yourself outside the line of fire,exclusion zone was not maintained
SYN-0324,2024-02-29,Duliajan,Driving / Vehicle Safety — transporting equipment on an access road,"During transporting equipment on an access road during a routine maintenance task, reversing alarm was not working. The vehicle nearly struck a pedestrian at the gate. The condition created a credible potential for a fatal or permanently disabling event. The driver stopped and reported the near miss.",Yes,Drive defensively and use seat belts,reversing alarm was not working
SYN-0325,2025-12-07,Digboi,Line of Fire — moving materials beside a pipe rack,"During moving materials beside a pipe rack during a routine maintenance task, spotter communication was unclear. The hose whipped when the coupling released. The deviation was identified early, before anyone was exposed to serious harm. The crew stepped back and reassessed the task.",No,Position yourself outside the line of fire,spotter communication was unclear
SYN-0326,2024-11-15,Duliajan,Lifting Operations — lifting a pump motor,"During loading a valve assembly after a change in the work sequence, personnel entered the suspended-load zone. The load tilted unexpectedly above the work crew. The deviation was identified early, before anyone was exposed to serious harm. The load was lowered to a safe position.",No,Plan and control lifting operations,personnel entered the suspended-load zone
SYN-0327,2025-06-20,Bongaigaon,Working at Height — installing cable tray at height,"During accessing a tank roof while preparing the job, scaffold inspection tag was missing. The platform moved while being accessed. The condition created a credible potential for a fatal or permanently disabling event. The supervisor arranged a scaffold inspection.",Yes,Protect yourself against falls from height,harness was not attached to an anchor
SYN-0328,2025-05-05,Digboi,Line of Fire — handling a pressurized hose,"During handling a pressurized hose after a change in the work sequence, stored energy was not assessed. A suspended load swung across the access route. The deviation was identified early, before anyone was exposed to serious harm. The lifting activity was paused for a new briefing.",No,Position yourself outside the line of fire,exclusion zone was not maintained
SYN-0329,2024-08-27,Digboi,Hot Work — cutting a steel support,"During grinding near the workshop during the morning shift, gas test not repeated. Sparks travelled toward an open drain. The condition created a credible potential for a fatal or permanently disabling event. A suitable fire extinguisher was positioned before restart.",Yes,Control ignition sources and combustible materials,gas test not repeated
SYN-0330,2025-06-02,Bongaigaon,Energy Isolation — pump maintenance,"During compressor servicing during a routine maintenance task, missing zero-energy test. Residual pressure remained in the line. The condition created a credible potential for a fatal or permanently disabling event. The line was depressurized before work resumed.",Yes,Verify isolation and zero energy,missing zero-energy test
SYN-0331,2025-01-28,Duliajan,Line of Fire — loosening a seized flange,"During loosening a seized flange during a routine maintenance task, spotter communication was unclear. The flange shifted suddenly toward the worker. The deviation was identified early, before anyone was exposed to serious harm. The crew stepped back and reassessed the task.",No,Position yourself outside the line of fire,stored energy was not assessed
SYN-0332,2025-01-13,Geleki,Lifting Operations — relocating a chemical drum,"During lifting a pump motor while preparing the job, personnel entered the suspended-load zone. The load passed over an occupied walkway. The deviation was identified early, before anyone was exposed to serious harm. The banksman stopped the lift immediately.",No,Plan and control lifting operations,lifting plan was not followed
SYN-0333,2025-07-25,Bongaigaon,Hot Work — grinding near the workshop,"During cutting a steel support during a routine maintenance task, combustibles not cleared from the work area. Sparks travelled toward an open drain. The deviation was identified early, before anyone was exposed to serious harm. The area was made safe and retested.",No,Control ignition sources and combustible materials,hot-work permit not displayed
SYN-0334,2025-08-09,Digboi,Energy Isolation — valve replacement,"During pump maintenance during a routine maintenance task, lockout/tagout not verified. Residual pressure remained in the line. The condition created a credible potential for a fatal or permanently disabling event. The line was depressurized before work resumed.",Yes,Verify isolation and zero energy,incorrect isolation point
SYN-0335,2024-07-16,Geleki,Driving / Vehicle Safety — reversing a service vehicle,"During reversing a service vehicle during the morning shift, seat belt was not used. The driver lost control on a wet bend. The condition created a credible potential for a fatal or permanently disabling event. The driver stopped and reported the near miss.",Yes,Drive defensively and use seat belts,seat belt was not used
SYN-0336,2025-12-22,Naharkatiya,Hot Work — cutting a steel support,"During cutting a steel support during the morning shift, hot-work permit not displayed. Sparks travelled toward an open drain. The deviation was identified early, before anyone was exposed to serious harm. A suitable fire extinguisher was positioned before restart.",No,Control ignition sources and combustible materials,gas test not repeated
SYN-0337,2024-03-22,Geleki,Driving / Vehicle Safety — reversing a service vehicle,"During reversing a service vehicle during a routine maintenance task, reversing alarm was not working. The vehicle nearly struck a pedestrian at the gate. The condition created a credible potential for a fatal or permanently disabling event. The vehicle was removed from service for inspection.",Yes,Drive defensively and use seat belts,seat belt was not used
SYN-0338,2025-09-21,Geleki,Driving / Vehicle Safety — reversing a service vehicle,"During transporting equipment on an access road during a routine maintenance task, seat belt was not used. The vehicle nearly struck a pedestrian at the gate. The deviation was identified early, before anyone was exposed to serious harm. The driver stopped and reported the near miss.",No,Drive defensively and use seat belts,reversing alarm was not working
SYN-0339,2025-12-26,Geleki,Driving / Vehicle Safety — reversing a service vehicle,"During reversing a service vehicle during the morning shift, seat belt was not used. The driver lost control on a wet bend. The deviation was identified early, before anyone was exposed to serious harm. The journey was restarted only after the load was secured.",No,Drive defensively and use seat belts,journey plan was not reviewed
SYN-0340,2025-07-14,Duliajan,Energy Isolation — pump maintenance,"During pump maintenance after a change in the work sequence, missing zero-energy test. The pump unexpectedly started. The condition created a credible potential for a fatal or permanently disabling event. The technician stopped work and isolated the equipment.",Yes,Verify isolation and zero energy,incorrect isolation point
SYN-0341,2025-04-16,Naharkatiya,Line of Fire — handling a pressurized hose,"During moving materials beside a pipe rack during the morning shift, spotter communication was unclear. The hose whipped when the coupling released. The condition created a credible potential for a fatal or permanently disabling event. The area was barricaded before continuing.",Yes,Position yourself outside the line of fire,spotter communication was unclear
SYN-0342,2025-01-31,Bongaigaon,Energy Isolation — compressor servicing,"During pump maintenance during a routine maintenance task, lockout/tagout not verified. Residual pressure remained in the line. The deviation was identified early, before anyone was exposed to serious harm. The supervisor initiated a toolbox talk.",No,Verify isolation and zero energy,incorrect isolation point
SYN-0343,2024-07-21,Geleki,Driving / Vehicle Safety — driving between installations,"During reversing a service vehicle while preparing the job, journey plan was not reviewed. The driver lost control on a wet bend. The condition created a credible potential for a fatal or permanently disabling event. The journey was restarted only after the load was secured.",Yes,Drive defensively and use seat belts,seat belt was not used
SYN-0344,2024-04-22,Duliajan,Hot Work — welding on a process pipe,"During welding on a process pipe while preparing the job, hot-work permit not displayed. Nearby oily rags began to smoulder. The condition created a credible potential for a fatal or permanently disabling event. A suitable fire extinguisher was positioned before restart.",Yes,Control ignition sources and combustible materials,gas test not repeated
SYN-0345,2024-02-23,Bongaigaon,Energy Isolation — pump maintenance,"During pump maintenance during a routine maintenance task, lockout/tagout not verified. The pump unexpectedly started. The deviation was identified early, before anyone was exposed to serious harm. The technician stopped work and isolated the equipment.",No,Verify isolation and zero energy,missing zero-energy test
SYN-0346,2025-04-30,Duliajan,Driving / Vehicle Safety — transporting equipment on an access road,"During transporting equipment on an access road during a routine maintenance task, journey plan was not reviewed. The driver lost control on a wet bend. The deviation was identified early, before anyone was exposed to serious harm. The vehicle was removed from service for inspection.",No,Drive defensively and use seat belts,reversing alarm was not working
SYN-0347,2024-02-02,Digboi,Lifting Operations — relocating a chemical drum,"During relocating a chemical drum after a change in the work sequence, sling inspection was overdue. The load tilted unexpectedly above the work crew. The deviation was identified early, before anyone was exposed to serious harm. The banksman stopped the lift immediately.",No,Plan and control lifting operations,lifting plan was not followed
SYN-0348,2025-08-15,Duliajan,Confined Space — cleaning a storage tank,"During cleaning a storage tank during the morning shift, entry permit was incomplete. A worker reported dizziness inside the vessel. The deviation was identified early, before anyone was exposed to serious harm. Ventilation was increased and the permit was reviewed.",No,Obtain authorization before entering a confined space,rescue plan was not briefed
SYN-0349,2025-01-23,Naharkatiya,Lifting Operations — loading a valve assembly,"During relocating a chemical drum during a routine maintenance task, sling inspection was overdue. The load tilted unexpectedly above the work crew. The condition created a credible potential for a fatal or permanently disabling event. The banksman stopped the lift immediately.",Yes,Plan and control lifting operations,personnel entered the suspended-load zone
SYN-0350,2025-06-05,Geleki,Lifting Operations — lifting a pump motor,"During relocating a chemical drum while preparing the job, sling inspection was overdue. The load tilted unexpectedly above the work crew. The deviation was identified early, before anyone was exposed to serious harm. The banksman stopped the lift immediately.",No,Plan and control lifting operations,sling inspection was overdue
SYN-0351,2024-04-07,Duliajan,Hot Work — cutting a steel support,"During grinding near the workshop during the morning shift, gas test not repeated. Flammable vapour was detected during the task. The condition created a credible potential for a fatal or permanently disabling event. A suitable fire extinguisher was positioned before restart.",Yes,Control ignition sources and combustible materials,hot-work permit not displayed
SYN-0352,2025-02-07,Duliajan,Confined Space — entry into a sump,"During entry into a sump while preparing the job, continuous gas monitoring was unavailable. Oxygen readings fell below the safe limit. The condition created a credible potential for a fatal or permanently disabling event. The entrant exited immediately and medical support was alerted.",Yes,Obtain authorization before entering a confined space,rescue plan was not briefed
SYN-0353,2025-09-11,Bongaigaon,Confined Space — inspection inside a vessel,"During inspection inside a vessel during the morning shift, entry permit was incomplete. A worker reported dizziness inside the vessel. The deviation was identified early, before anyone was exposed to serious harm. The entrant exited immediately and medical support was alerted.",No,Obtain authorization before entering a confined space,entry permit was incomplete
SYN-0354,2025-09-01,Naharkatiya,Confined Space — inspection inside a vessel,"During inspection inside a vessel while preparing the job, rescue plan was not briefed. Oxygen readings fell below the safe limit. The condition created a credible potential for a fatal or permanently disabling event. Ventilation was increased and the permit was reviewed.",Yes,Obtain authorization before entering a confined space,entry permit was incomplete
SYN-0355,2025-11-11,Naharkatiya,Lifting Operations — lifting a pump motor,"During loading a valve assembly during a routine maintenance task, lifting plan was not followed. The load passed over an occupied walkway. The condition created a credible potential for a fatal or permanently disabling event. The route was cleared and barricaded.",Yes,Plan and control lifting operations,personnel entered the suspended-load zone
SYN-0356,2025-05-12,Duliajan,Confined Space — cleaning a storage tank,"During entry into a sump during the morning shift, entry permit was incomplete. The attendant lost radio contact with the entrant. The deviation was identified early, before anyone was exposed to serious harm. Ventilation was increased and the permit was reviewed.",No,Obtain authorization before entering a confined space,entry permit was incomplete
SYN-0357,2025-02-03,Bongaigaon,Confined Space — cleaning a storage tank,"During inspection inside a vessel while preparing the job, rescue plan was not briefed. A worker reported dizziness inside the vessel. The condition created a credible potential for a fatal or permanently disabling event. Ventilation was increased and the permit was reviewed.",Yes,Obtain authorization before entering a confined space,rescue plan was not briefed
SYN-0358,2025-01-13,Bongaigaon,Hot Work — cutting a steel support,"During grinding near the workshop after a change in the work sequence, combustibles not cleared from the work area. Nearby oily rags began to smoulder. The condition created a credible potential for a fatal or permanently disabling event. The area was made safe and retested.",Yes,Control ignition sources and combustible materials,gas test not repeated
SYN-0359,2025-08-23,Geleki,Line of Fire — moving materials beside a pipe rack,"During moving materials beside a pipe rack after a change in the work sequence, stored energy was not assessed. The flange shifted suddenly toward the worker. The deviation was identified early, before anyone was exposed to serious harm. The lifting activity was paused for a new briefing.",No,Position yourself outside the line of fire,exclusion zone was not maintained
SYN-0360,2024-08-20,Geleki,Hot Work — grinding near the workshop,"During cutting a steel support while preparing the job, hot-work permit not displayed. Sparks travelled toward an open drain. The condition created a credible potential for a fatal or permanently disabling event. The area was made safe and retested.",Yes,Control ignition sources and combustible materials,gas test not repeated
SYN-0361,2024-09-06,Bongaigaon,Working at Height — installing cable tray at height,"During accessing a tank roof during a routine maintenance task, scaffold inspection tag was missing. The platform moved while being accessed. The deviation was identified early, before anyone was exposed to serious harm. The supervisor arranged a scaffold inspection.",No,Protect yourself against falls from height,toe board was not installed
SYN-0362,2024-09-18,Digboi,Confined Space — cleaning a storage tank,"During inspection inside a vessel after a change in the work sequence, entry permit was incomplete. A worker reported dizziness inside the vessel. The condition created a credible potential for a fatal or permanently disabling event. The standby rescue team secured the area.",Yes,Obtain authorization before entering a confined space,continuous gas monitoring was unavailable
SYN-0363,2025-09-17,Duliajan,Hot Work — welding on a process pipe,"During cutting a steel support while preparing the job, gas test not repeated. Nearby oily rags began to smoulder. The condition created a credible potential for a fatal or permanently disabling event. The fire watch raised the alarm and work was stopped.",Yes,Control ignition sources and combustible materials,gas test not repeated
SYN-0364,2024-05-25,Naharkatiya,Working at Height — installing cable tray at height,"During accessing a tank roof during the morning shift, harness was not attached to an anchor. The platform moved while being accessed. The condition created a credible potential for a fatal or permanently disabling event. Work stopped until a certified access system was provided.",Yes,Protect yourself against falls from height,scaffold inspection tag was missing
SYN-0365,2024-04-17,Geleki,Line of Fire — handling a pressurized hose,"During moving materials beside a pipe rack while preparing the job, stored energy was not assessed. The flange shifted suddenly toward the worker. The condition created a credible potential for a fatal or permanently disabling event. The lifting activity was paused for a new briefing.",Yes,Position yourself outside the line of fire,spotter communication was unclear
SYN-0366,2024-02-14,Duliajan,Lifting Operations — relocating a chemical drum,"During loading a valve assembly during a routine maintenance task, sling inspection was overdue. The load passed over an occupied walkway. The deviation was identified early, before anyone was exposed to serious harm. The banksman stopped the lift immediately.",No,Plan and control lifting operations,lifting plan was not followed
SYN-0367,2024-06-16,Geleki,Confined Space — inspection inside a vessel,"During inspection inside a vessel after a change in the work sequence, entry permit was incomplete. The attendant lost radio contact with the entrant. The condition created a credible potential for a fatal or permanently disabling event. The entrant exited immediately and medical support was alerted.",Yes,Obtain authorization before entering a confined space,entry permit was incomplete
SYN-0368,2024-02-07,Naharkatiya,Working at Height — repairing an elevated platform,"During repairing an elevated platform during the morning shift, harness was not attached to an anchor. The platform moved while being accessed. The deviation was identified early, before anyone was exposed to serious harm. Work stopped until a certified access system was provided.",No,Protect yourself against falls from height,harness was not attached to an anchor
SYN-0369,2024-07-11,Duliajan,Energy Isolation — compressor servicing,"During compressor servicing during the morning shift, missing zero-energy test. The pump unexpectedly started. The condition created a credible potential for a fatal or permanently disabling event. The supervisor initiated a toolbox talk.",Yes,Verify isolation and zero energy,incorrect isolation point
SYN-0370,2024-06-11,Naharkatiya,Working at Height — installing cable tray at height,"During installing cable tray at height while preparing the job, harness was not attached to an anchor. The platform moved while being accessed. The condition created a credible potential for a fatal or permanently disabling event. The supervisor arranged a scaffold inspection.",Yes,Protect yourself against falls from height,scaffold inspection tag was missing
SYN-0371,2025-04-02,Naharkatiya,Driving / Vehicle Safety — driving between installations,"During driving between installations during a routine maintenance task, journey plan was not reviewed. The vehicle nearly struck a pedestrian at the gate. The condition created a credible potential for a fatal or permanently disabling event. The vehicle was removed from service for inspection.",Yes,Drive defensively and use seat belts,reversing alarm was not working
SYN-0372,2024-07-18,Duliajan,Energy Isolation — valve replacement,"During compressor servicing while preparing the job, missing zero-energy test. A valve was still connected to the live header. The condition created a credible potential for a fatal or permanently disabling event. The supervisor initiated a toolbox talk.",Yes,Verify isolation and zero energy,incorrect isolation point
SYN-0373,2025-02-20,Duliajan,Confined Space — inspection inside a vessel,"During inspection inside a vessel while preparing the job, entry permit was incomplete. A worker reported dizziness inside the vessel. The condition created a credible potential for a fatal or permanently disabling event. The standby rescue team secured the area.",Yes,Obtain authorization before entering a confined space,entry permit was incomplete
SYN-0374,2024-03-15,Digboi,Confined Space — cleaning a storage tank,"During entry into a sump during a routine maintenance task, entry permit was incomplete. Oxygen readings fell below the safe limit. The deviation was identified early, before anyone was exposed to serious harm. Ventilation was increased and the permit was reviewed.",No,Obtain authorization before entering a confined space,rescue plan was not briefed
SYN-0375,2024-10-20,Naharkatiya,Confined Space — cleaning a storage tank,"During inspection inside a vessel during the morning shift, rescue plan was not briefed. Oxygen readings fell below the safe limit. The deviation was identified early, before anyone was exposed to serious harm. The standby rescue team secured the area.",No,Obtain authorization before entering a confined space,entry permit was incomplete
SYN-0376,2024-01-31,Digboi,Line of Fire — loosening a seized flange,"During handling a pressurized hose while preparing the job, stored energy was not assessed. The hose whipped when the coupling released. The deviation was identified early, before anyone was exposed to serious harm. The crew stepped back and reassessed the task.",No,Position yourself outside the line of fire,stored energy was not assessed
SYN-0377,2024-11-09,Digboi,Confined Space — cleaning a storage tank,"During cleaning a storage tank during a routine maintenance task, entry permit was incomplete. The attendant lost radio contact with the entrant. The condition created a credible potential for a fatal or permanently disabling event. The entrant exited immediately and medical support was alerted.",Yes,Obtain authorization before entering a confined space,entry permit was incomplete
SYN-0378,2025-12-24,Bongaigaon,Working at Height — installing cable tray at height,"During accessing a tank roof after a change in the work sequence, harness was not attached to an anchor. The platform moved while being accessed. The deviation was identified early, before anyone was exposed to serious harm. Work stopped until a certified access system was provided.",No,Protect yourself against falls from height,harness was not attached to an anchor
SYN-0379,2024-09-12,Digboi,Lifting Operations — relocating a chemical drum,"During relocating a chemical drum during a routine maintenance task, personnel entered the suspended-load zone. A sling strand began to separate. The condition created a credible potential for a fatal or permanently disabling event. The route was cleared and barricaded.",Yes,Plan and control lifting operations,personnel entered the suspended-load zone
SYN-0380,2025-05-29,Digboi,Line of Fire — handling a pressurized hose,"During moving materials beside a pipe rack during a routine maintenance task, stored energy was not assessed. The hose whipped when the coupling released. The deviation was identified early, before anyone was exposed to serious harm. The area was barricaded before continuing.",No,Position yourself outside the line of fire,stored energy was not assessed
SYN-0381,2024-02-11,Naharkatiya,Energy Isolation — valve replacement,"During pump maintenance after a change in the work sequence, missing zero-energy test. Residual pressure remained in the line. The condition created a credible potential for a fatal or permanently disabling event. The technician stopped work and isolated the equipment.",Yes,Verify isolation and zero energy,incorrect isolation point
SYN-0382,2024-02-25,Digboi,Hot Work — grinding near the workshop,"During cutting a steel support after a change in the work sequence, hot-work permit not displayed. Nearby oily rags began to smoulder. The condition created a credible potential for a fatal or permanently disabling event. The fire watch raised the alarm and work was stopped.",Yes,Control ignition sources and combustible materials,hot-work permit not displayed
SYN-0383,2025-03-23,Geleki,Lifting Operations — lifting a pump motor,"During loading a valve assembly while preparing the job, sling inspection was overdue. The load tilted unexpectedly above the work crew. The deviation was identified early, before anyone was exposed to serious harm. The banksman stopped the lift immediately.",No,Plan and control lifting operations,lifting plan was not followed
SYN-0384,2025-10-04,Bongaigaon,Hot Work — welding on a process pipe,"During grinding near the workshop during a routine maintenance task, gas test not repeated. Flammable vapour was detected during the task. The condition created a credible potential for a fatal or permanently disabling event. A suitable fire extinguisher was positioned before restart.",Yes,Control ignition sources and combustible materials,hot-work permit not displayed
SYN-0385,2024-03-03,Bongaigaon,Driving / Vehicle Safety — reversing a service vehicle,"During driving between installations after a change in the work sequence, seat belt was not used. The driver lost control on a wet bend. The condition created a credible potential for a fatal or permanently disabling event. The vehicle was removed from service for inspection.",Yes,Drive defensively and use seat belts,journey plan was not reviewed
SYN-0386,2024-04-11,Bongaigaon,Driving / Vehicle Safety — driving between installations,"During driving between installations after a change in the work sequence, reversing alarm was not working. The vehicle nearly struck a pedestrian at the gate. The condition created a credible potential for a fatal or permanently disabling event. The journey was restarted only after the load was secured.",Yes,Drive defensively and use seat belts,reversing alarm was not working
SYN-0387,2024-03-14,Bongaigaon,Hot Work — grinding near the workshop,"During welding on a process pipe after a change in the work sequence, combustibles not cleared from the work area. Nearby oily rags began to smoulder. The condition created a credible potential for a fatal or permanently disabling event. A suitable fire extinguisher was positioned before restart.",Yes,Control ignition sources and combustible materials,gas test not repeated
SYN-0388,2024-11-16,Duliajan,Driving / Vehicle Safety — transporting equipment on an access road,"During transporting equipment on an access road during the morning shift, seat belt was not used. A load shifted during transit. The condition created a credible potential for a fatal or permanently disabling event. The vehicle was removed from service for inspection.",Yes,Drive defensively and use seat belts,journey plan was not reviewed
SYN-0389,2024-02-02,Digboi,Lifting Operations — relocating a chemical drum,"During lifting a pump motor while preparing the job, lifting plan was not followed. The load tilted unexpectedly above the work crew. The deviation was identified early, before anyone was exposed to serious harm. The load was lowered to a safe position.",No,Plan and control lifting operations,lifting plan was not followed
SYN-0390,2024-06-30,Bongaigaon,Confined Space — entry into a sump,"During cleaning a storage tank after a change in the work sequence, entry permit was incomplete. Oxygen readings fell below the safe limit. The deviation was identified early, before anyone was exposed to serious harm. Ventilation was increased and the permit was reviewed.",No,Obtain authorization before entering a confined space,continuous gas monitoring was unavailable
SYN-0391,2025-07-22,Naharkatiya,Line of Fire — loosening a seized flange,"During moving materials beside a pipe rack during the morning shift, exclusion zone was not maintained. The flange shifted suddenly toward the worker. The condition created a credible potential for a fatal or permanently disabling event. The area was barricaded before continuing.",Yes,Position yourself outside the line of fire,stored energy was not assessed
SYN-0392,2025-09-25,Naharkatiya,Driving / Vehicle Safety — driving between installations,"During reversing a service vehicle during the morning shift, seat belt was not used. A load shifted during transit. The deviation was identified early, before anyone was exposed to serious harm. The driver stopped and reported the near miss.",No,Drive defensively and use seat belts,seat belt was not used
SYN-0393,2025-01-19,Bongaigaon,Line of Fire — moving materials beside a pipe rack,"During handling a pressurized hose during the morning shift, exclusion zone was not maintained. The hose whipped when the coupling released. The condition created a credible potential for a fatal or permanently disabling event. The area was barricaded before continuing.",Yes,Position yourself outside the line of fire,stored energy was not assessed
SYN-0394,2024-09-17,Naharkatiya,Energy Isolation — compressor servicing,"During valve replacement while preparing the job, incorrect isolation point. A valve was still connected to the live header. The deviation was identified early, before anyone was exposed to serious harm. The technician stopped work and isolated the equipment.",No,Verify isolation and zero energy,missing zero-energy test
SYN-0395,2024-01-30,Bongaigaon,Lifting Operations — loading a valve assembly,"During lifting a pump motor while preparing the job, personnel entered the suspended-load zone. A sling strand began to separate. The condition created a credible potential for a fatal or permanently disabling event. The load was lowered to a safe position.",Yes,Plan and control lifting operations,personnel entered the suspended-load zone
SYN-0396,2025-09-28,Naharkatiya,Driving / Vehicle Safety — transporting equipment on an access road,"During driving between installations during the morning shift, reversing alarm was not working. The vehicle nearly struck a pedestrian at the gate. The deviation was identified early, before anyone was exposed to serious harm. The vehicle was removed from service for inspection.",No,Drive defensively and use seat belts,reversing alarm was not working
SYN-0397,2025-12-19,Digboi,Driving / Vehicle Safety — driving between installations,"During driving between installations after a change in the work sequence, seat belt was not used. The vehicle nearly struck a pedestrian at the gate. The deviation was identified early, before anyone was exposed to serious harm. The driver stopped and reported the near miss.",No,Drive defensively and use seat belts,seat belt was not used
SYN-0398,2024-09-02,Duliajan,Working at Height — installing cable tray at height,"During repairing an elevated platform during the morning shift, toe board was not installed. The platform moved while being accessed. The deviation was identified early, before anyone was exposed to serious harm. Work stopped until a certified access system was provided.",No,Protect yourself against falls from height,toe board was not installed
SYN-0399,2025-06-06,Digboi,Working at Height — installing cable tray at height,"During repairing an elevated platform during a routine maintenance task, toe board was not installed. The platform moved while being accessed. The condition created a credible potential for a fatal or permanently disabling event. Work stopped until a certified access system was provided.",Yes,Protect yourself against falls from height,harness was not attached to an anchor
SYN-0400,2024-10-02,Naharkatiya,Driving / Vehicle Safety — driving between installations,"During transporting equipment on an access road during the morning shift, reversing alarm was not working. The driver lost control on a wet bend. The deviation was identified early, before anyone was exposed to serious harm. The vehicle was removed from service for inspection.",No,Drive defensively and use seat belts,reversing alarm was not working
SYN-0401,2024-03-25,Bongaigaon,Driving / Vehicle Safety — transporting equipment on an access road,"During transporting equipment on an access road during the morning shift, journey plan was not reviewed. The driver lost control on a wet bend. The deviation was identified early, before anyone was exposed to serious harm. The journey was restarted only after the load was secured.",No,Drive defensively and use seat belts,reversing alarm was not working
SYN-0402,2025-09-22,Geleki,Working at Height — accessing a tank roof,"During accessing a tank roof during the morning shift, scaffold inspection tag was missing. A tool fell to the level below. The condition created a credible potential for a fatal or permanently disabling event. Work stopped until a certified access system was provided.",Yes,Protect yourself against falls from height,harness was not attached to an anchor
SYN-0403,2024-03-02,Digboi,Line of Fire — handling a pressurized hose,"During loosening a seized flange while preparing the job, stored energy was not assessed. The hose whipped when the coupling released. The condition created a credible potential for a fatal or permanently disabling event. The lifting activity was paused for a new briefing.",Yes,Position yourself outside the line of fire,exclusion zone was not maintained
SYN-0404,2025-07-10,Duliajan,Line of Fire — handling a pressurized hose,"During loosening a seized flange after a change in the work sequence, exclusion zone was not maintained. The hose whipped when the coupling released. The deviation was identified early, before anyone was exposed to serious harm. The area was barricaded before continuing.",No,Position yourself outside the line of fire,stored energy was not assessed
SYN-0405,2024-06-28,Digboi,Lifting Operations — loading a valve assembly,"During loading a valve assembly during a routine maintenance task, personnel entered the suspended-load zone. The load tilted unexpectedly above the work crew. The condition created a credible potential for a fatal or permanently disabling event. The route was cleared and barricaded.",Yes,Plan and control lifting operations,sling inspection was overdue
SYN-0406,2025-06-27,Bongaigaon,Lifting Operations — relocating a chemical drum,"During relocating a chemical drum after a change in the work sequence, lifting plan was not followed. The load tilted unexpectedly above the work crew. The deviation was identified early, before anyone was exposed to serious harm. The banksman stopped the lift immediately.",No,Plan and control lifting operations,personnel entered the suspended-load zone
SYN-0407,2025-08-13,Bongaigaon,Line of Fire — loosening a seized flange,"During moving materials beside a pipe rack during a routine maintenance task, spotter communication was unclear. The flange shifted suddenly toward the worker. The deviation was identified early, before anyone was exposed to serious harm. The lifting activity was paused for a new briefing.",No,Position yourself outside the line of fire,spotter communication was unclear
SYN-0408,2024-10-31,Duliajan,Energy Isolation — pump maintenance,"During pump maintenance during a routine maintenance task, incorrect isolation point. The pump unexpectedly started. The deviation was identified early, before anyone was exposed to serious harm. The line was depressurized before work resumed.",No,Verify isolation and zero energy,lockout/tagout not verified
SYN-0409,2025-01-30,Naharkatiya,Working at Height — repairing an elevated platform,"During installing cable tray at height after a change in the work sequence, toe board was not installed. The worker slipped near an unprotected edge. The condition created a credible potential for a fatal or permanently disabling event. The dropped-object zone was cleared.",Yes,Protect yourself against falls from height,toe board was not installed
SYN-0410,2024-10-05,Geleki,Working at Height — accessing a tank roof,"During accessing a tank roof during a routine maintenance task, scaffold inspection tag was missing. The worker slipped near an unprotected edge. The deviation was identified early, before anyone was exposed to serious harm. The dropped-object zone was cleared.",No,Protect yourself against falls from height,scaffold inspection tag was missing
SYN-0411,2024-05-30,Bongaigaon,Driving / Vehicle Safety — transporting equipment on an access road,"During reversing a service vehicle during a routine maintenance task, journey plan was not reviewed. The driver lost control on a wet bend. The deviation was identified early, before anyone was exposed to serious harm. The journey was restarted only after the load was secured.",No,Drive defensively and use seat belts,journey plan was not reviewed
SYN-0412,2025-02-25,Duliajan,Lifting Operations — relocating a chemical drum,"During relocating a chemical drum while preparing the job, sling inspection was overdue. The load passed over an occupied walkway. The deviation was identified early, before anyone was exposed to serious harm. The route was cleared and barricaded.",No,Plan and control lifting operations,lifting plan was not followed
SYN-0413,2024-12-02,Geleki,Hot Work — grinding near the workshop,"During welding on a process pipe while preparing the job, hot-work permit not displayed. Nearby oily rags began to smoulder. The deviation was identified early, before anyone was exposed to serious harm. A suitable fire extinguisher was positioned before restart.",No,Control ignition sources and combustible materials,hot-work permit not displayed
SYN-0414,2024-12-19,Digboi,Driving / Vehicle Safety — driving between installations,"During reversing a service vehicle after a change in the work sequence, journey plan was not reviewed. The vehicle nearly struck a pedestrian at the gate. The deviation was identified early, before anyone was exposed to serious harm. The journey was restarted only after the load was secured.",No,Drive defensively and use seat belts,reversing alarm was not working
SYN-0415,2025-12-17,Bongaigaon,Hot Work — grinding near the workshop,"During welding on a process pipe while preparing the job, hot-work permit not displayed. Sparks travelled toward an open drain. The condition created a credible potential for a fatal or permanently disabling event. A suitable fire extinguisher was positioned before restart.",Yes,Control ignition sources and combustible materials,hot-work permit not displayed
SYN-0416,2024-05-30,Bongaigaon,Lifting Operations — loading a valve assembly,"During loading a valve assembly while preparing the job, sling inspection was overdue. The load passed over an occupied walkway. The deviation was identified early, before anyone was exposed to serious harm. The banksman stopped the lift immediately.",No,Plan and control lifting operations,sling inspection was overdue
SYN-0417,2024-03-10,Naharkatiya,Working at Height — accessing a tank roof,"During installing cable tray at height during a routine maintenance task, toe board was not installed. A tool fell to the level below. The deviation was identified early, before anyone was exposed to serious harm. Work stopped until a certified access system was provided.",No,Protect yourself against falls from height,harness was not attached to an anchor
SYN-0418,2025-04-07,Bongaigaon,Lifting Operations — lifting a pump motor,"During lifting a pump motor while preparing the job, personnel entered the suspended-load zone. The load passed over an occupied walkway. The deviation was identified early, before anyone was exposed to serious harm. The banksman stopped the lift immediately.",No,Plan and control lifting operations,sling inspection was overdue
SYN-0419,2025-12-28,Digboi,Lifting Operations — lifting a pump motor,"During lifting a pump motor after a change in the work sequence, personnel entered the suspended-load zone. The load tilted unexpectedly above the work crew. The deviation was identified early, before anyone was exposed to serious harm. The route was cleared and barricaded.",No,Plan and control lifting operations,lifting plan was not followed
SYN-0420,2024-09-13,Bongaigaon,Confined Space — inspection inside a vessel,"During entry into a sump after a change in the work sequence, continuous gas monitoring was unavailable. The attendant lost radio contact with the entrant. The condition created a credible potential for a fatal or permanently disabling event. Ventilation was increased and the permit was reviewed.",Yes,Obtain authorization before entering a confined space,entry permit was incomplete
SYN-0421,2024-10-29,Bongaigaon,Line of Fire — loosening a seized flange,"During handling a pressurized hose after a change in the work sequence, exclusion zone was not maintained. The flange shifted suddenly toward the worker. The deviation was identified early, before anyone was exposed to serious harm. The area was barricaded before continuing.",No,Position yourself outside the line of fire,exclusion zone was not maintained
SYN-0422,2025-01-26,Naharkatiya,Energy Isolation — compressor servicing,"During pump maintenance after a change in the work sequence, incorrect isolation point. A valve was still connected to the live header. The condition created a credible potential for a fatal or permanently disabling event. The line was depressurized before work resumed.",Yes,Verify isolation and zero energy,missing zero-energy test
SYN-0423,2024-07-26,Bongaigaon,Line of Fire — moving materials beside a pipe rack,"During moving materials beside a pipe rack after a change in the work sequence, stored energy was not assessed. The hose whipped when the coupling released. The condition created a credible potential for a fatal or permanently disabling event. The crew stepped back and reassessed the task.",Yes,Position yourself outside the line of fire,exclusion zone was not maintained
SYN-0424,2024-12-16,Geleki,Line of Fire — loosening a seized flange,"During moving materials beside a pipe rack during the morning shift, stored energy was not assessed. A suspended load swung across the access route. The condition created a credible potential for a fatal or permanently disabling event. The area was barricaded before continuing.",Yes,Position yourself outside the line of fire,spotter communication was unclear
SYN-0425,2024-04-17,Bongaigaon,Energy Isolation — pump maintenance,"During valve replacement during the morning shift, missing zero-energy test. The pump unexpectedly started. The condition created a credible potential for a fatal or permanently disabling event. The supervisor initiated a toolbox talk.",Yes,Verify isolation and zero energy,incorrect isolation point
SYN-0426,2025-12-10,Bongaigaon,Energy Isolation — pump maintenance,"During valve replacement after a change in the work sequence, lockout/tagout not verified. The pump unexpectedly started. The condition created a credible potential for a fatal or permanently disabling event. The line was depressurized before work resumed.",Yes,Verify isolation and zero energy,missing zero-energy test
SYN-0427,2025-12-05,Bongaigaon,Hot Work — welding on a process pipe,"During welding on a process pipe during the morning shift, gas test not repeated. Nearby oily rags began to smoulder. The deviation was identified early, before anyone was exposed to serious harm. The fire watch raised the alarm and work was stopped.",No,Control ignition sources and combustible materials,hot-work permit not displayed
SYN-0428,2024-02-14,Duliajan,Working at Height — repairing an elevated platform,"During accessing a tank roof while preparing the job, harness was not attached to an anchor. The worker slipped near an unprotected edge. The deviation was identified early, before anyone was exposed to serious harm. The dropped-object zone was cleared.",No,Protect yourself against falls from height,harness was not attached to an anchor
SYN-0429,2024-12-03,Bongaigaon,Energy Isolation — pump maintenance,"During valve replacement during the morning shift, missing zero-energy test. The pump unexpectedly started. The deviation was identified early, before anyone was exposed to serious harm. The supervisor initiated a toolbox talk.",No,Verify isolation and zero energy,lockout/tagout not verified
SYN-0430,2024-06-28,Geleki,Line of Fire — moving materials beside a pipe rack,"During moving materials beside a pipe rack after a change in the work sequence, spotter communication was unclear. The flange shifted suddenly toward the worker. The deviation was identified early, before anyone was exposed to serious harm. The crew stepped back and reassessed the task.",No,Position yourself outside the line of fire,spotter communication was unclear
SYN-0431,2025-07-22,Naharkatiya,Confined Space — inspection inside a vessel,"During cleaning a storage tank while preparing the job, entry permit was incomplete. A worker reported dizziness inside the vessel. The condition created a credible potential for a fatal or permanently disabling event. The entrant exited immediately and medical support was alerted.",Yes,Obtain authorization before entering a confined space,entry permit was incomplete
SYN-0432,2025-08-19,Digboi,Lifting Operations — relocating a chemical drum,"During loading a valve assembly during the morning shift, lifting plan was not followed. The load tilted unexpectedly above the work crew. The deviation was identified early, before anyone was exposed to serious harm. The banksman stopped the lift immediately.",No,Plan and control lifting operations,lifting plan was not followed
SYN-0433,2024-07-18,Geleki,Working at Height — installing cable tray at height,"During installing cable tray at height while preparing the job, toe board was not installed. The platform moved while being accessed. The deviation was identified early, before anyone was exposed to serious harm. Work stopped until a certified access system was provided.",No,Protect yourself against falls from height,harness was not attached to an anchor
SYN-0434,2025-12-08,Duliajan,Working at Height — installing cable tray at height,"During accessing a tank roof after a change in the work sequence, toe board was not installed. The platform moved while being accessed. The condition created a credible potential for a fatal or permanently disabling event. Work stopped until a certified access system was provided.",Yes,Protect yourself against falls from height,harness was not attached to an anchor
SYN-0435,2025-10-19,Naharkatiya,Lifting Operations — relocating a chemical drum,"During lifting a pump motor while preparing the job, lifting plan was not followed. The load tilted unexpectedly above the work crew. The condition created a credible potential for a fatal or permanently disabling event. The banksman stopped the lift immediately.",Yes,Plan and control lifting operations,sling inspection was overdue
SYN-0436,2024-06-21,Digboi,Energy Isolation — valve replacement,"During valve replacement during a routine maintenance task, incorrect isolation point. The pump unexpectedly started. The condition created a credible potential for a fatal or permanently disabling event. The supervisor initiated a toolbox talk.",Yes,Verify isolation and zero energy,missing zero-energy test
SYN-0437,2024-04-16,Naharkatiya,Hot Work — welding on a process pipe,"During welding on a process pipe after a change in the work sequence, hot-work permit not displayed. Nearby oily rags began to smoulder. The condition created a credible potential for a fatal or permanently disabling event. The area was made safe and retested.",Yes,Control ignition sources and combustible materials,combustibles not cleared from the work area
SYN-0438,2025-01-11,Bongaigaon,Energy Isolation — compressor servicing,"During valve replacement while preparing the job, missing zero-energy test. The pump unexpectedly started. The deviation was identified early, before anyone was exposed to serious harm. The line was depressurized before work resumed.",No,Verify isolation and zero energy,missing zero-energy test
SYN-0439,2025-03-24,Geleki,Hot Work — grinding near the workshop,"During grinding near the workshop after a change in the work sequence, hot-work permit not displayed. Flammable vapour was detected during the task. The deviation was identified early, before anyone was exposed to serious harm. A suitable fire extinguisher was positioned before restart.",No,Control ignition sources and combustible materials,gas test not repeated
SYN-0440,2025-04-04,Duliajan,Working at Height — accessing a tank roof,"During repairing an elevated platform during the morning shift, scaffold inspection tag was missing. The worker slipped near an unprotected edge. The deviation was identified early, before anyone was exposed to serious harm. Work stopped until a certified access system was provided.",No,Protect yourself against falls from height,scaffold inspection tag was missing
SYN-0441,2025-12-05,Geleki,Line of Fire — loosening a seized flange,"During handling a pressurized hose after a change in the work sequence, exclusion zone was not maintained. A suspended load swung across the access route. The condition created a credible potential for a fatal or permanently disabling event. The crew stepped back and reassessed the task.",Yes,Position yourself outside the line of fire,spotter communication was unclear
SYN-0442,2025-04-19,Digboi,Energy Isolation — compressor servicing,"During pump maintenance after a change in the work sequence, missing zero-energy test. The pump unexpectedly started. The condition created a credible potential for a fatal or permanently disabling event. The technician stopped work and isolated the equipment.",Yes,Verify isolation and zero energy,lockout/tagout not verified
SYN-0443,2024-09-20,Naharkatiya,Line of Fire — loosening a seized flange,"During handling a pressurized hose while preparing the job, stored energy was not assessed. The hose whipped when the coupling released. The condition created a credible potential for a fatal or permanently disabling event. The crew stepped back and reassessed the task.",Yes,Position yourself outside the line of fire,exclusion zone was not maintained
SYN-0444,2024-05-26,Naharkatiya,Energy Isolation — pump maintenance,"During compressor servicing during the morning shift, incorrect isolation point. The pump unexpectedly started. The condition created a credible potential for a fatal or permanently disabling event. The supervisor initiated a toolbox talk.",Yes,Verify isolation and zero energy,lockout/tagout not verified
SYN-0445,2024-01-14,Digboi,Working at Height — accessing a tank roof,"During accessing a tank roof after a change in the work sequence, scaffold inspection tag was missing. The platform moved while being accessed. The deviation was identified early, before anyone was exposed to serious harm. Work stopped until a certified access system was provided.",No,Protect yourself against falls from height,toe board was not installed
SYN-0446,2025-06-16,Naharkatiya,Lifting Operations — lifting a pump motor,"During lifting a pump motor after a change in the work sequence, sling inspection was overdue. The load passed over an occupied walkway. The deviation was identified early, before anyone was exposed to serious harm. The banksman stopped the lift immediately.",No,Plan and control lifting operations,sling inspection was overdue
SYN-0447,2024-04-01,Bongaigaon,Energy Isolation — pump maintenance,"During compressor servicing during the morning shift, incorrect isolation point. The pump unexpectedly started. The condition created a credible potential for a fatal or permanently disabling event. The line was depressurized before work resumed.",Yes,Verify isolation and zero energy,incorrect isolation point
SYN-0448,2025-01-21,Naharkatiya,Confined Space — cleaning a storage tank,"During inspection inside a vessel during a routine maintenance task, entry permit was incomplete. The attendant lost radio contact with the entrant. The deviation was identified early, before anyone was exposed to serious harm. The entrant exited immediately and medical support was alerted.",No,Obtain authorization before entering a confined space,rescue plan was not briefed
SYN-0449,2024-08-29,Duliajan,Driving / Vehicle Safety — driving between installations,"During reversing a service vehicle while preparing the job, reversing alarm was not working. A load shifted during transit. The condition created a credible potential for a fatal or permanently disabling event. The journey was restarted only after the load was secured.",Yes,Drive defensively and use seat belts,journey plan was not reviewed
SYN-0450,2025-10-26,Duliajan,Confined Space — cleaning a storage tank,"During entry into a sump during the morning shift, rescue plan was not briefed. The attendant lost radio contact with the entrant. The deviation was identified early, before anyone was exposed to serious harm. The entrant exited immediately and medical support was alerted.",No,Obtain authorization before entering a confined space,continuous gas monitoring was unavailable
SYN-0451,2025-09-04,Digboi,Working at Height — installing cable tray at height,"During installing cable tray at height after a change in the work sequence, toe board was not installed. The platform moved while being accessed. The condition created a credible potential for a fatal or permanently disabling event. The supervisor arranged a scaffold inspection.",Yes,Protect yourself against falls from height,harness was not attached to an anchor
SYN-0452,2025-05-19,Digboi,Hot Work — welding on a process pipe,"During cutting a steel support while preparing the job, hot-work permit not displayed. Flammable vapour was detected during the task. The condition created a credible potential for a fatal or permanently disabling event. A suitable fire extinguisher was positioned before restart.",Yes,Control ignition sources and combustible materials,combustibles not cleared from the work area
SYN-0453,2024-08-16,Naharkatiya,Driving / Vehicle Safety — reversing a service vehicle,"During transporting equipment on an access road during a routine maintenance task, journey plan was not reviewed. A load shifted during transit. The condition created a credible potential for a fatal or permanently disabling event. The vehicle was removed from service for inspection.",Yes,Drive defensively and use seat belts,journey plan was not reviewed
SYN-0454,2024-07-19,Digboi,Working at Height — accessing a tank roof,"During repairing an elevated platform during the morning shift, toe board was not installed. The worker slipped near an unprotected edge. The condition created a credible potential for a fatal or permanently disabling event. The dropped-object zone was cleared.",Yes,Protect yourself against falls from height,scaffold inspection tag was missing
SYN-0455,2025-06-24,Geleki,Working at Height — accessing a tank roof,"During installing cable tray at height after a change in the work sequence, toe board was not installed. The platform moved while being accessed. The condition created a credible potential for a fatal or permanently disabling event. The supervisor arranged a scaffold inspection.",Yes,Protect yourself against falls from height,harness was not attached to an anchor
SYN-0456,2024-07-01,Naharkatiya,Lifting Operations — relocating a chemical drum,"During loading a valve assembly after a change in the work sequence, lifting plan was not followed. A sling strand began to separate. The deviation was identified early, before anyone was exposed to serious harm. The banksman stopped the lift immediately.",No,Plan and control lifting operations,lifting plan was not followed
SYN-0457,2024-09-22,Digboi,Working at Height — installing cable tray at height,"During installing cable tray at height during the morning shift, toe board was not installed. A tool fell to the level below. The deviation was identified early, before anyone was exposed to serious harm. The dropped-object zone was cleared.",No,Protect yourself against falls from height,scaffold inspection tag was missing
SYN-0458,2025-01-25,Duliajan,Confined Space — inspection inside a vessel,"During cleaning a storage tank after a change in the work sequence, rescue plan was not briefed. A worker reported dizziness inside the vessel. The deviation was identified early, before anyone was exposed to serious harm. The standby rescue team secured the area.",No,Obtain authorization before entering a confined space,entry permit was incomplete
SYN-0459,2025-05-27,Naharkatiya,Driving / Vehicle Safety — transporting equipment on an access road,"During reversing a service vehicle during the morning shift, reversing alarm was not working. The vehicle nearly struck a pedestrian at the gate. The condition created a credible potential for a fatal or permanently disabling event. The driver stopped and reported the near miss.",Yes,Drive defensively and use seat belts,seat belt was not used
SYN-0460,2025-10-09,Naharkatiya,Hot Work — cutting a steel support,"During cutting a steel support while preparing the job, hot-work permit not displayed. Nearby oily rags began to smoulder. The condition created a credible potential for a fatal or permanently disabling event. A suitable fire extinguisher was positioned before restart.",Yes,Control ignition sources and combustible materials,gas test not repeated
SYN-0461,2024-01-14,Duliajan,Hot Work — grinding near the workshop,"During welding on a process pipe while preparing the job, gas test not repeated. Sparks travelled toward an open drain. The deviation was identified early, before anyone was exposed to serious harm. The area was made safe and retested.",No,Control ignition sources and combustible materials,hot-work permit not displayed
SYN-0462,2024-12-29,Digboi,Confined Space — entry into a sump,"During cleaning a storage tank after a change in the work sequence, rescue plan was not briefed. A worker reported dizziness inside the vessel. The condition created a credible potential for a fatal or permanently disabling event. Ventilation was increased and the permit was reviewed.",Yes,Obtain authorization before entering a confined space,continuous gas monitoring was unavailable
SYN-0463,2024-05-08,Naharkatiya,Confined Space — inspection inside a vessel,"During inspection inside a vessel during a routine maintenance task, continuous gas monitoring was unavailable. Oxygen readings fell below the safe limit. The condition created a credible potential for a fatal or permanently disabling event. The entrant exited immediately and medical support was alerted.",Yes,Obtain authorization before entering a confined space,entry permit was incomplete
SYN-0464,2024-07-22,Duliajan,Confined Space — inspection inside a vessel,"During inspection inside a vessel while preparing the job, rescue plan was not briefed. A worker reported dizziness inside the vessel. The deviation was identified early, before anyone was exposed to serious harm. The entrant exited immediately and medical support was alerted.",No,Obtain authorization before entering a confined space,rescue plan was not briefed
SYN-0465,2025-09-26,Naharkatiya,Energy Isolation — compressor servicing,"During pump maintenance during a routine maintenance task, incorrect isolation point. A valve was still connected to the live header. The deviation was identified early, before anyone was exposed to serious harm. The technician stopped work and isolated the equipment.",No,Verify isolation and zero energy,incorrect isolation point
SYN-0466,2024-12-27,Geleki,Hot Work — cutting a steel support,"During cutting a steel support after a change in the work sequence, gas test not repeated. Sparks travelled toward an open drain. The condition created a credible potential for a fatal or permanently disabling event. The fire watch raised the alarm and work was stopped.",Yes,Control ignition sources and combustible materials,gas test not repeated
SYN-0467,2024-06-28,Duliajan,Energy Isolation — valve replacement,"During compressor servicing during a routine maintenance task, missing zero-energy test. A valve was still connected to the live header. The deviation was identified early, before anyone was exposed to serious harm. The line was depressurized before work resumed.",No,Verify isolation and zero energy,lockout/tagout not verified
SYN-0468,2024-02-27,Digboi,Line of Fire — moving materials beside a pipe rack,"During handling a pressurized hose during a routine maintenance task, exclusion zone was not maintained. A suspended load swung across the access route. The condition created a credible potential for a fatal or permanently disabling event. The lifting activity was paused for a new briefing.",Yes,Position yourself outside the line of fire,spotter communication was unclear
SYN-0469,2025-02-12,Naharkatiya,Confined Space — cleaning a storage tank,"During inspection inside a vessel during the morning shift, rescue plan was not briefed. A worker reported dizziness inside the vessel. The condition created a credible potential for a fatal or permanently disabling event. The entrant exited immediately and medical support was alerted.",Yes,Obtain authorization before entering a confined space,rescue plan was not briefed
SYN-0470,2025-03-17,Geleki,Hot Work — cutting a steel support,"During grinding near the workshop during a routine maintenance task, gas test not repeated. Sparks travelled toward an open drain. The condition created a credible potential for a fatal or permanently disabling event. The fire watch raised the alarm and work was stopped.",Yes,Control ignition sources and combustible materials,hot-work permit not displayed
SYN-0471,2024-05-16,Bongaigaon,Energy Isolation — valve replacement,"During compressor servicing after a change in the work sequence, lockout/tagout not verified. A valve was still connected to the live header. The condition created a credible potential for a fatal or permanently disabling event. The technician stopped work and isolated the equipment.",Yes,Verify isolation and zero energy,missing zero-energy test
SYN-0472,2024-07-02,Geleki,Driving / Vehicle Safety — reversing a service vehicle,"During driving between installations after a change in the work sequence, reversing alarm was not working. The vehicle nearly struck a pedestrian at the gate. The condition created a credible potential for a fatal or permanently disabling event. The driver stopped and reported the near miss.",Yes,Drive defensively and use seat belts,journey plan was not reviewed
SYN-0473,2024-12-03,Geleki,Line of Fire — moving materials beside a pipe rack,"During loosening a seized flange while preparing the job, spotter communication was unclear. The hose whipped when the coupling released. The deviation was identified early, before anyone was exposed to serious harm. The area was barricaded before continuing.",No,Position yourself outside the line of fire,spotter communication was unclear
SYN-0474,2025-05-17,Digboi,Hot Work — grinding near the workshop,"During cutting a steel support after a change in the work sequence, gas test not repeated. Nearby oily rags began to smoulder. The condition created a credible potential for a fatal or permanently disabling event. The area was made safe and retested.",Yes,Control ignition sources and combustible materials,gas test not repeated
SYN-0475,2025-05-08,Duliajan,Energy Isolation — valve replacement,"During pump maintenance after a change in the work sequence, incorrect isolation point. Residual pressure remained in the line. The deviation was identified early, before anyone was exposed to serious harm. The technician stopped work and isolated the equipment.",No,Verify isolation and zero energy,incorrect isolation point
SYN-0476,2024-12-07,Digboi,Confined Space — inspection inside a vessel,"During cleaning a storage tank during a routine maintenance task, continuous gas monitoring was unavailable. A worker reported dizziness inside the vessel. The condition created a credible potential for a fatal or permanently disabling event. Ventilation was increased and the permit was reviewed.",Yes,Obtain authorization before entering a confined space,continuous gas monitoring was unavailable
SYN-0477,2024-11-19,Bongaigaon,Working at Height — installing cable tray at height,"During accessing a tank roof while preparing the job, scaffold inspection tag was missing. A tool fell to the level below. The deviation was identified early, before anyone was exposed to serious harm. Work stopped until a certified access system was provided.",No,Protect yourself against falls from height,harness was not attached to an anchor
SYN-0478,2025-10-17,Bongaigaon,Working at Height — accessing a tank roof,"During accessing a tank roof during the morning shift, scaffold inspection tag was missing. The worker slipped near an unprotected edge. The deviation was identified early, before anyone was exposed to serious harm. The supervisor arranged a scaffold inspection.",No,Protect yourself against falls from height,scaffold inspection tag was missing
SYN-0479,2024-06-22,Duliajan,Lifting Operations — lifting a pump motor,"During loading a valve assembly after a change in the work sequence, sling inspection was overdue. The load tilted unexpectedly above the work crew. The deviation was identified early, before anyone was exposed to serious harm. The load was lowered to a safe position.",No,Plan and control lifting operations,personnel entered the suspended-load zone
SYN-0480,2025-10-24,Duliajan,Lifting Operations — loading a valve assembly,"During lifting a pump motor during a routine maintenance task, personnel entered the suspended-load zone. The load passed over an occupied walkway. The deviation was identified early, before anyone was exposed to serious harm. The route was cleared and barricaded.",No,Plan and control lifting operations,sling inspection was overdue
SYN-0481,2025-02-24,Digboi,Driving / Vehicle Safety — reversing a service vehicle,"During transporting equipment on an access road after a change in the work sequence, journey plan was not reviewed. A load shifted during transit. The deviation was identified early, before anyone was exposed to serious harm. The driver stopped and reported the near miss.",No,Drive defensively and use seat belts,reversing alarm was not working
SYN-0482,2024-07-09,Geleki,Hot Work — cutting a steel support,"During cutting a steel support during the morning shift, combustibles not cleared from the work area. Nearby oily rags began to smoulder. The condition created a credible potential for a fatal or permanently disabling event. A suitable fire extinguisher was positioned before restart.",Yes,Control ignition sources and combustible materials,hot-work permit not displayed
SYN-0483,2025-06-25,Naharkatiya,Hot Work — cutting a steel support,"During grinding near the workshop during a routine maintenance task, gas test not repeated. Nearby oily rags began to smoulder. The condition created a credible potential for a fatal or permanently disabling event. A suitable fire extinguisher was positioned before restart.",Yes,Control ignition sources and combustible materials,hot-work permit not displayed
SYN-0484,2025-08-30,Geleki,Confined Space — inspection inside a vessel,"During inspection inside a vessel while preparing the job, entry permit was incomplete. Oxygen readings fell below the safe limit. The condition created a credible potential for a fatal or permanently disabling event. The standby rescue team secured the area.",Yes,Obtain authorization before entering a confined space,continuous gas monitoring was unavailable
SYN-0485,2025-12-24,Geleki,Driving / Vehicle Safety — reversing a service vehicle,"During transporting equipment on an access road while preparing the job, seat belt was not used. A load shifted during transit. The deviation was identified early, before anyone was exposed to serious harm. The driver stopped and reported the near miss.",No,Drive defensively and use seat belts,reversing alarm was not working
SYN-0486,2025-03-23,Duliajan,Hot Work — welding on a process pipe,"During welding on a process pipe after a change in the work sequence, combustibles not cleared from the work area. Nearby oily rags began to smoulder. The condition created a credible potential for a fatal or permanently disabling event. The area was made safe and retested.",Yes,Control ignition sources and combustible materials,gas test not repeated
SYN-0487,2025-07-15,Duliajan,Hot Work — welding on a process pipe,"During grinding near the workshop during the morning shift, hot-work permit not displayed. Nearby oily rags began to smoulder. The condition created a credible potential for a fatal or permanently disabling event. A suitable fire extinguisher was positioned before restart.",Yes,Control ignition sources and combustible materials,hot-work permit not displayed
SYN-0488,2025-06-21,Naharkatiya,Line of Fire — loosening a seized flange,"During loosening a seized flange after a change in the work sequence, spotter communication was unclear. A suspended load swung across the access route. The condition created a credible potential for a fatal or permanently disabling event. The area was barricaded before continuing.",Yes,Position yourself outside the line of fire,spotter communication was unclear
SYN-0489,2024-06-19,Digboi,Line of Fire — handling a pressurized hose,"During loosening a seized flange during a routine maintenance task, stored energy was not assessed. A suspended load swung across the access route. The deviation was identified early, before anyone was exposed to serious harm. The lifting activity was paused for a new briefing.",No,Position yourself outside the line of fire,stored energy was not assessed
SYN-0490,2024-02-11,Digboi,Lifting Operations — lifting a pump motor,"During relocating a chemical drum while preparing the job, lifting plan was not followed. A sling strand began to separate. The condition created a credible potential for a fatal or permanently disabling event. The banksman stopped the lift immediately.",Yes,Plan and control lifting operations,personnel entered the suspended-load zone
SYN-0491,2024-09-19,Bongaigaon,Confined Space — entry into a sump,"During inspection inside a vessel while preparing the job, entry permit was incomplete. A worker reported dizziness inside the vessel. The condition created a credible potential for a fatal or permanently disabling event. The standby rescue team secured the area.",Yes,Obtain authorization before entering a confined space,rescue plan was not briefed
SYN-0492,2025-05-03,Geleki,Confined Space — entry into a sump,"During entry into a sump during a routine maintenance task, continuous gas monitoring was unavailable. The attendant lost radio contact with the entrant. The condition created a credible potential for a fatal or permanently disabling event. Ventilation was increased and the permit was reviewed.",Yes,Obtain authorization before entering a confined space,continuous gas monitoring was unavailable
SYN-0493,2025-12-19,Duliajan,Confined Space — cleaning a storage tank,"During cleaning a storage tank during the morning shift, rescue plan was not briefed. The attendant lost radio contact with the entrant. The deviation was identified early, before anyone was exposed to serious harm. The entrant exited immediately and medical support was alerted.",No,Obtain authorization before entering a confined space,entry permit was incomplete
SYN-0494,2024-09-17,Duliajan,Energy Isolation — compressor servicing,"During pump maintenance while preparing the job, lockout/tagout not verified. The pump unexpectedly started. The condition created a credible potential for a fatal or permanently disabling event. The supervisor initiated a toolbox talk.",Yes,Verify isolation and zero energy,lockout/tagout not verified
SYN-0495,2025-12-03,Geleki,Hot Work — grinding near the workshop,"During grinding near the workshop during a routine maintenance task, hot-work permit not displayed. Nearby oily rags began to smoulder. The condition created a credible potential for a fatal or permanently disabling event. The area was made safe and retested.",Yes,Control ignition sources and combustible materials,hot-work permit not displayed
SYN-0496,2025-08-07,Duliajan,Confined Space — entry into a sump,"During entry into a sump during a routine maintenance task, rescue plan was not briefed. A worker reported dizziness inside the vessel. The condition created a credible potential for a fatal or permanently disabling event. Ventilation was increased and the permit was reviewed.",Yes,Obtain authorization before entering a confined space,entry permit was incomplete
SYN-0497,2024-04-16,Naharkatiya,Line of Fire — handling a pressurized hose,"During loosening a seized flange after a change in the work sequence, exclusion zone was not maintained. A suspended load swung across the access route. The condition created a credible potential for a fatal or permanently disabling event. The area was barricaded before continuing.",Yes,Position yourself outside the line of fire,stored energy was not assessed
SYN-0498,2024-06-09,Digboi,Working at Height — repairing an elevated platform,"During installing cable tray at height while preparing the job, harness was not attached to an anchor. The platform moved while being accessed. The deviation was identified early, before anyone was exposed to serious harm. The supervisor arranged a scaffold inspection.",No,Protect yourself against falls from height,scaffold inspection tag was missing
SYN-0499,2025-09-19,Naharkatiya,Confined Space — inspection inside a vessel,"During entry into a sump during the morning shift, entry permit was incomplete. A worker reported dizziness inside the vessel. The deviation was identified early, before anyone was exposed to serious harm. The standby rescue team secured the area.",No,Obtain authorization before entering a confined space,entry permit was incomplete
SYN-0500,2025-12-22,Bongaigaon,Lifting Operations — lifting a pump motor,"During relocating a chemical drum while preparing the job, sling inspection was overdue. A sling strand began to separate. The deviation was identified early, before anyone was exposed to serious harm. The load was lowered to a safe position.",No,Plan and control lifting operations,lifting plan was not followed
